timestamp_ms,sample_sequence,accel_raw_x,accel_raw_y,accel_raw_z,gyro_raw_x,gyro_raw_y,gyro_raw_z,mag_raw_x,mag_raw_y,mag_raw_z,accel_boat_x,accel_boat_y,accel_boat_z,gyro_boat_x,gyro_boat_y,gyro_boat_z,mag_boat_x,mag_boat_y,mag_boat_z,mag_corrected_x,mag_corrected_y,mag_corrected_z,mag_magnitude,dmp_q0,dmp_q1,dmp_q2,dmp_q3,dmp_roll_deg,dmp_pitch_deg,dmp_heading_deg,compass_heading_deg,fusion_heading_deg,output_heading_deg,rate_of_turn_deg_s,active_heading_source,heading_quality,rejection_flags,dmp_sample_age_ms,fifo_error_count,sensor_error_count
0,0,0.0,0.0,1.0,0,0,0,-12.647929299250963,6.633820246046691,43.537190792687994,0.0,0.0,1.0,0,0,0,-12.647929299250963,6.633820246046691,43.537190792687994,-12.647929299250963,6.633820246046691,43.537190792687994,45.8199156343028,1.0,0,0,0,0,0,0,0,0,0,0,software_compass,good,0,0,0,0
100,1,0.0,0.0,1.0,0,0,0,-21.407822832875155,11.412727984637474,44.39882997823288,0.0,0.0,1.0,0,0,0,-21.407822832875155,11.412727984637474,44.39882997823288,-21.407822832875155,11.412727984637474,44.39882997823288,50.59447936219058,1.0,0,0,0,0,0,0,0,0,0,0,software_compass,good,0,0,0,0
200,2,0.0,0.0,1.0,0,0,0,-14.33515729754554,0.17298084316747442,43.23139672129816,0.0,0.0,1.0,0,0,0,-14.33515729754554,0.17298084316747442,43.23139672129816,-14.33515729754554,0.17298084316747442,43.23139672129816,45.54646330497842,1.0,0,0,0,0,0,0,0,0,0,0,software_compass,good,0,0,0,0
300,3,0.0,0.0,1.0,0,0,0,-11.461235579914963,12.76760940432977,42.718949586161855,0.0,0.0,1.0,0,0,0,-11.461235579914963,12.76760940432977,42.718949586161855,-11.461235579914963,12.76760940432977,42.718949586161855,46.03564298089989,1.0,0,0,0,0,0,0,0,0,0,0,software_compass,good,0,0,0,0
400,4,0.0,0.0,1.0,0,0,0,-26.42911652669105,7.037569949571086,44.27599829643626,0.0,0.0,1.0,0,0,0,-26.42911652669105,7.037569949571086,44.27599829643626,-26.42911652669105,7.037569949571086,44.27599829643626,52.04219073331316,1.0,0,0,0,0,0,0,0,0,0,0,software_compass,good,0,0,0,0
500,5,0.0,0.0,1.0,0,0,0,-5.170387116167826,0.22057762237156986,41.40254907827634,0.0,0.0,1.0,0,0,0,-5.170387116167826,0.22057762237156986,41.40254907827634,-5.170387116167826,0.22057762237156986,41.40254907827634,41.72472441607741,1.0,0,0,0,0,0,0,0,0,0,0,software_compass,good,0,0,0,0
600,6,0.0,0.0,1.0,0,0,0,-21.184558626822515,18.271392938147425,43.22928538002487,0.0,0.0,1.0,0,0,0,-21.184558626822515,18.271392938147425,43.22928538002487,-21.184558626822515,18.271392938147425,43.22928538002487,51.49175117027091,1.0,0,0,0,0,0,0,0,0,0,0,software_compass,good,0,0,0,0
700,7,0.0,0.0,1.0,0,0,0,-20.635445633188006,-2.502836033161813,42.80161381310071,0.0,0.0,1.0,0,0,0,-20.635445633188006,-2.502836033161813,42.80161381310071,-20.635445633188006,-2.502836033161813,42.80161381310071,47.58218101027909,1.0,0,0,0,0,0,0,0,0,0,0,software_compass,good,0,0,0,0
800,8,0.0,0.0,1.0,0,0,0,-2.9227528792642916,9.450924519883388,40.4732242402181,0.0,0.0,1.0,0,0,0,-2.9227528792642916,9.450924519883388,40.4732242402181,-2.9227528792642916,9.450924519883388,40.4732242402181,41.66466535414342,1.0,0,0,0,0,0,0,0,0,0,0,software_compass,good,0,0,0,0
900,9,0.0,0.0,1.0,0,0,0,-31.14679946001788,14.234257579089084,43.71186176645444,0.0,0.0,1.0,0,0,0,-31.14679946001788,14.234257579089084,43.71186176645444,-31.14679946001788,14.234257579089084,43.71186176645444,55.52894798679376,1.0,0,0,0,0,0,0,0,0,0,0,software_compass,good,0,0,0,0
1000,10,0.0,0.0,1.0,0,0,0,-6.916967196566386,-6.559573330394819,40.392172152627055,0.0,0.0,1.0,0,0,0,-6.916967196566386,-6.559573330394819,40.392172152627055,-6.916967196566386,-6.559573330394819,40.392172152627055,41.5018072941729,1.0,0,0,0,0,0,0,0,0,0,0,software_compass,good,0,0,0,0
1100,11,0.0,0.0,1.0,0,0,0,-13.137752051323886,20.297911980213108,41.07548974305336,0.0,0.0,1.0,0,0,0,-13.137752051323886,20.297911980213108,41.07548974305336,-13.137752051323886,20.297911980213108,41.07548974305336,47.663420118055164,1.0,0,0,0,0,0,0,0,0,0,0,software_compass,good,0,0,0,0
1200,12,0.0,0.0,1.0,0,0,0,-29.9269600116745,1.651278967767042,42.77787904078919,0.0,0.0,1.0,0,0,0,-29.9269600116745,1.651278967767042,42.77787904078919,-29.9269600116745,1.651278967767042,42.77787904078919,52.233098634851686,1.0,0,0,0,0,0,0,0,0,0,0,software_compass,good,0,0,0,0
1300,13,0.0,0.0,1.0,0,0,0,2.6887565235877435,1.1081752487993564,38.55494888682454,0.0,0.0,1.0,0,0,0,2.6887565235877435,1.1081752487993564,38.55494888682454,2.6887565235877435,1.1081752487993564,38.55494888682454,38.664473974060996,1.0,0,0,0,0,0,0,0,0,0,0,software_compass,good,0,0,0,0
1400,14,0.0,0.0,1.0,0,0,0,-28.98885385072078,22.009654648350384,42.31152359400745,0.0,0.0,1.0,0,0,0,-28.98885385072078,22.009654648350384,42.31152359400745,-28.98885385072078,22.009654648350384,42.31152359400745,55.81257541239563,1.0,0,0,0,0,0,0,0,0,0,0,software_compass,good,0,0,0,0
1500,15,0.0,0.0,1.0,0,0,0,-15.506633237669334,-9.31025994151039,40.241522383639264,0.0,0.0,1.0,0,0,0,-15.506633237669334,-9.31025994151039,40.241522383639264,-15.506633237669334,-9.31025994151039,40.241522383639264,44.11934653073439,1.0,0,0,0,0,0,0,0,0,0,0,software_compass,good,0,0,0,0
1600,16,0.0,0.0,1.0,0,0,0,-2.131328195096022,16.042898584417618,38.52277866344683,0.0,0.0,1.0,0,0,0,-2.131328195096022,16.042898584417618,38.52277866344683,-2.131328195096022,16.042898584417618,38.52277866344683,41.78422705780298,1.0,0,0,0,0,0,0,0,0,0,0,software_compass,good,0,0,0,0
1700,17,0.0,0.0,1.0,0,0,0,-36.649484794120745,10.776079592173593,42.47008094443821,0.0,0.0,1.0,0,0,0,-36.649484794120745,10.776079592173593,42.47008094443821,-36.649484794120745,10.776079592173593,42.47008094443821,57.12281857960513,1.0,0,0,0,0,0,0,0,0,0,0,software_compass,good,0,0,0,0
1800,18,0.0,0.0,1.0,0,0,0,1.642334009230746,-8.082618832540227,37.44468267758301,0.0,0.0,1.0,0,0,0,1.642334009230746,-8.082618832540227,37.44468267758301,1.642334009230746,-8.082618832540227,37.44468267758301,38.3422775668699,1.0,0,0,0,0,0,0,0,0,0,0,software_compass,good,0,0,0,0
1900,19,0.0,0.0,1.0,0,0,0,-19.806540795687862,25.995564966062137,40.03075216555375,0.0,0.0,1.0,0,0,0,-19.806540795687862,25.995564966062137,40.03075216555375,-19.806540795687862,25.995564966062137,40.03075216555375,51.67716686444789,1.0,0,0,0,0,0,0,0,0,0,0,software_compass,good,0,0,0,0
2000,20,0.0,0.0,1.0,0,0,0,-27.534855491835263,-5.70553871024387,40.548717172130466,0.0,0.0,1.0,0,0,0,-27.534855491835263,-5.70553871024387,40.548717172130466,-27.534855491835263,-5.70553871024387,40.548717172130466,49.34490757145838,1.0,0,0,0,0,0,0,0,0,0,0,software_compass,good,0,0,0,0
2100,21,0.0,0.0,1.0,0,0,0,6.733885699738085,6.393661867259823,36.19936275506275,0.0,0.0,1.0,0,0,0,6.733885699738085,6.393661867259823,36.19936275506275,6.733885699738085,6.393661867259823,36.19936275506275,37.37135256533557,1.0,0,0,0,0,0,0,0,0,0,0,software_compass,good,0,0,0,0
2200,22,0.0,0.0,1.0,0,0,0,-36.740171442465076,21.29218285584939,41.360702222286264,0.0,0.0,1.0,0,0,0,-36.740171442465076,21.29218285584939,41.360702222286264,-36.740171442465076,21.29218285584939,41.360702222286264,59.27819950630492,1.0,0,0,0,0,0,0,0,0,0,0,software_compass,good,0,0,0,0
2300,23,0.0,0.0,1.0,0,0,0,-6.918772092946368,-13.797431019072487,37.27285650823184,0.0,0.0,1.0,0,0,0,-6.918772092946368,-13.797431019072487,37.27285650823184,-6.918772092946368,-13.797431019072487,37.27285650823184,40.34233932586753,1.0,0,0,0,0,0,0,0,0,0,0,software_compass,good,0,0,0,0
2400,24,0.0,0.0,1.0,0,0,0,-6.392824569667346,23.462377209571038,37.194336485611785,0.0,0.0,1.0,0,0,0,-6.392824569667346,23.462377209571038,37.194336485611785,-6.392824569667346,23.462377209571038,37.194336485611785,44.4383844993003,1.0,0,0,0,0,0,0,0,0,0,0,software_compass,good,0,0,0,0
2500,25,0.0,0.0,1.0,0,0,0,-38.081710500783224,3.912845922614281,40.71089366222188,0.0,0.0,1.0,0,0,0,-38.081710500783224,3.912845922614281,40.71089366222188,-38.081710500783224,3.912845922614281,40.71089366222188,55.88294821013222,1.0,0,0,0,0,0,0,0,0,0,0,software_compass,good,0,0,0,0
2600,26,0.0,0.0,1.0,0,0,0,9.08516945740272,-5.419661097859567,34.658516844545844,0.0,0.0,1.0,0,0,0,9.08516945740272,-5.419661097859567,34.658516844545844,9.08516945740272,-5.419661097859567,34.658516844545844,36.23707797752247,1.0,0,0,0,0,0,0,0,0,0,0,software_compass,good,0,0,0,0
2700,27,0.0,0.0,1.0,0,0,0,-28.758372238652857,28.83094496875225,39.24774005055634,0.0,0.0,1.0,0,0,0,-28.758372238652857,28.83094496875225,39.24774005055634,-28.758372238652857,28.83094496875225,39.24774005055634,56.556630563393576,1.0,0,0,0,0,0,0,0,0,0,0,software_compass,good,0,0,0,0
2800,28,0.0,0.0,1.0,0,0,0,-20.700225274493327,-12.905680061007356,37.77796686081045,0.0,0.0,1.0,0,0,0,-20.700225274493327,-12.905680061007356,37.77796686081045,-20.700225274493327,-12.905680061007356,37.77796686081045,44.96921929929791,1.0,0,0,0,0,0,0,0,0,0,0,software_compass,good,0,0,0,0
2900,29,0.0,0.0,1.0,0,0,0,6.44658901710627,14.23564988177246,34.38811071561588,0.0,0.0,1.0,0,0,0,6.44658901710627,14.23564988177246,34.38811071561588,6.44658901710627,14.23564988177246,34.38811071561588,37.7724025725309,1.0,0,0,0,0,0,0,0,0,0,0,software_compass,good,0,0,0,0
3000,30,0.0,0.0,1.0,0,0,0,-42.43003427807439,16.64079569870731,40.13465904151779,0.0,0.0,1.0,0,0,0,-42.43003427807439,16.64079569870731,40.13465904151779,-42.43003427807439,16.64079569870731,40.13465904151779,60.72902721683898,1.0,0,0,0,0,0,0,0,0,0,0,software_compass,good,0,0,0,0
3100,31,0.0,0.0,1.0,0,0,0,2.8688882402427716,-14.966874418437438,34.177469360750145,0.0,0.0,1.0,0,0,0,2.8688882402427716,-14.966874418437438,34.177469360750145,2.8688882402427716,-14.966874418437438,34.177469360750145,37.421080442676896,1.0,0,0,0,0,0,0,0,0,0,0,software_compass,good,0,0,0,0
3200,32,0.0,0.0,1.0,0,0,0,-14.464833491418155,29.83481058024974,36.32498764920615,0.0,0.0,1.0,0,0,0,-14.464833491418155,29.83481058024974,36.32498764920615,-14.464833491418155,29.83481058024974,36.32498764920615,49.18182650134919,1.0,0,0,0,0,0,0,0,0,0,0,software_compass,good,0,0,0,0
3300,33,0.0,0.0,1.0,0,0,0,-35.03931060649198,-4.672473901901089,38.39498622223299,0.0,0.0,1.0,0,0,0,-35.03931060649198,-4.672473901901089,38.39498622223299,-35.03931060649198,-4.672473901901089,38.39498622223299,52.18965670655086,1.0,0,0,0,0,0,0,0,0,0,0,software_compass,good,0,0,0,0
3400,34,0.0,0.0,1.0,0,0,0,13.648671368825571,0.8404945890495368,32.2454431920729,0.0,0.0,1.0,0,0,0,13.648671368825571,0.8404945890495368,32.2454431920729,13.648671368825571,0.8404945890495368,32.2454431920729,35.025151933169695,1.0,0,0,0,0,0,0,0,0,0,0,software_compass,good,0,0,0,0
3500,35,0.0,0.0,1.0,0,0,0,-37.86657056357464,28.022833086463546,38.46208071888032,0.0,0.0,1.0,0,0,0,-37.86657056357464,28.022833086463546,38.46208071888032,-37.86657056357464,28.022833086463546,38.46208071888032,60.815195417458284,1.0,0,0,0,0,0,0,0,0,0,0,software_compass,good,0,0,0,0
3600,36,0.0,0.0,1.0,0,0,0,-10.769740393574288,-18.257638221800306,34.640178431938445,0.0,0.0,1.0,0,0,0,-10.769740393574288,-18.257638221800306,34.640178431938445,-10.769740393574288,-18.257638221800306,34.640178431938445,40.611213025218326,1.0,0,0,0,0,0,0,0,0,0,0,software_compass,good,0,0,0,0
3700,37,0.0,0.0,1.0,0,0,0,1.7029512511086047,22.95330332113407,33.12629483908044,0.0,0.0,1.0,0,0,0,1.7029512511086047,22.95330332113407,33.12629483908044,1.7029512511086047,22.95330332113407,33.12629483908044,40.33739686793539,1.0,0,0,0,0,0,0,0,0,0,0,software_compass,good,0,0,0,0
3800,38,0.0,0.0,1.0,0,0,0,-44.56631965825988,8.840703252281738,38.45586109594744,0.0,0.0,1.0,0,0,0,-44.56631965825988,8.840703252281738,38.45586109594744,-44.56631965825988,8.840703252281738,38.45586109594744,59.52451708756577,1.0,0,0,0,0,0,0,0,0,0,0,software_compass,good,0,0,0,0
3900,39,0.0,0.0,1.0,0,0,0,11.809660979914593,-12.316505810812039,31.208299563204044,0.0,0.0,1.0,0,0,0,11.809660979914593,-12.316505810812039,31.208299563204044,11.809660979914593,-12.316505810812039,31.208299563204044,35.56855872079955,1.0,0,0,0,0,0,0,0,0,0,0,software_compass,good,0,0,0,0
4000,40,0.0,0.0,1.0,0,0,0,-24.82753000759148,33.65946661065951,35.72017465059327,0.0,0.0,1.0,0,0,0,-24.82753000759148,33.65946661065951,35.72017465059327,-24.82753000759148,33.65946661065951,35.72017465059327,55.00269825982034,1.0,0,0,0,0,0,0,0,0,0,0,software_compass,good,0,0,0,0
4100,41,0.0,0.0,1.0,0,0,0,-27.732275820901343,-13.281364690455614,35.55813881270071,0.0,0.0,1.0,0,0,0,-27.732275820901343,-13.281364690455614,35.55813881270071,-27.732275820901343,-13.281364690455614,35.55813881270071,47.00909492928707,1.0,0,0,0,0,0,0,0,0,0,0,software_compass,good,0,0,0,0
4200,42,0.0,0.0,1.0,0,0,0,14.145263100250965,9.68867247252077,30.34446682957536,0.0,0.0,1.0,0,0,0,14.145263100250965,9.68867247252077,30.34446682957536,14.145263100250965,9.68867247252077,30.34446682957536,34.85319941736056,1.0,0,0,0,0,0,0,0,0,0,0,software_compass,good,0,0,0,0
4300,43,0.0,0.0,1.0,0,0,0,-45.18360998074299,23.377049011756142,37.434782578457295,0.0,0.0,1.0,0,0,0,-45.18360998074299,23.377049011756142,37.434782578457295,-45.18360998074299,23.377049011756142,37.434782578457295,63.16176040996891,1.0,0,0,0,0,0,0,0,0,0,0,software_compass,good,0,0,0,0
4400,44,0.0,0.0,1.0,0,0,0,0.5695086308985875,-20.480668254685053,31.349023152229748,0.0,0.0,1.0,0,0,0,0.5695086308985875,-20.480668254685053,31.349023152229748,0.5695086308985875,-20.480668254685053,31.349023152229748,37.45054558799069,1.0,0,0,0,0,0,0,0,0,0,0,software_compass,good,0,0,0,0
4500,45,0.0,0.0,1.0,0,0,0,-6.941390457092458,30.855967517954067,32.33597133348282,0.0,0.0,1.0,0,0,0,-6.941390457092458,30.855967517954067,32.33597133348282,-6.941390457092458,30.855967517954067,32.33597133348282,45.231500915033465,1.0,0,0,0,0,0,0,0,0,0,0,software_compass,good,0,0,0,0
4600,46,0.0,0.0,1.0,0,0,0,-42.29778334910962,-0.887151320098317,36.22764009346048,0.0,0.0,1.0,0,0,0,-42.29778334910962,-0.887151320098317,36.22764009346048,-42.29778334910962,-0.887151320098317,36.22764009346048,55.69857646703615,1.0,0,0,0,0,0,0,0,0,0,0,software_compass,good,0,0,0,0
4700,47,0.0,0.0,1.0,0,0,0,18.099370990908213,-5.970504525857036,28.58493281976586,0.0,0.0,1.0,0,0,0,18.099370990908213,-5.970504525857036,28.58493281976586,18.099370990908213,-5.970504525857036,28.58493281976586,34.355968024061504,1.0,0,0,0,0,0,0,0,0,0,0,software_compass,good,0,0,0,0
4800,48,0.0,0.0,1.0,0,0,0,-35.664825776284516,33.90903041917932,35.15198530896541,0.0,0.0,1.0,0,0,0,-35.664825776284516,33.90903041917932,35.15198530896541,-35.664825776284516,33.90903041917932,35.15198530896541,60.47697258282095,1.0,0,0,0,0,0,0,0,0,0,0,software_compass,good,0,0,0,0
4900,49,0.0,0.0,1.0,0,0,0,-17.049954681496466,-20.274787081509928,32.318740206965344,0.0,0.0,1.0,0,0,0,-17.049954681496466,-20.274787081509928,32.318740206965344,-17.049954681496466,-20.274787081509928,32.318740206965344,41.78838252920258,1.0,0,0,0,0,0,0,0,0,0,0,software_compass,good,0,0,0,0
5000,50,0.0,0.0,1.0,0,0,0,10.08437724651564,19.72508452970962,29.007142747243016,0.0,0.0,1.0,0,0,0,10.08437724651564,19.72508452970962,29.007142747243016,10.08437724651564,19.72508452970962,29.007142747243016,36.499150051928126,1.0,0,0,0,0,0,0,0,0,0,0,software_compass,good,0,0,0,0
5100,51,0.0,0.0,1.0,0,0,0,-49.100678264536704,15.332502278877662,35.97199591622566,0.0,0.0,1.0,0,0,0,-49.100678264536704,15.332502278877662,35.97199591622566,-49.100678264536704,15.332502278877662,35.97199591622566,62.76899491282532,1.0,0,0,0,0,0,0,0,0,0,0,software_compass,good,0,0,0,0
5200,52,0.0,0.0,1.0,0,0,0,11.42725915382766,-18.831140954620558,28.139778488816432,0.0,0.0,1.0,0,0,0,11.42725915382766,-18.831140954620558,28.139778488816432,11.42725915382766,-18.831140954620558,28.139778488816432,35.73571399624166,1.0,0,0,0,0,0,0,0,0,0,0,software_compass,good,0,0,0,0
5300,53,0.0,0.0,1.0,0,0,0,-18.292260899388893,36.40690136553977,31.86213631539197,0.0,0.0,1.0,0,0,0,-18.292260899388893,36.40690136553977,31.86213631539197,-18.292260899388893,36.40690136553977,31.86213631539197,51.7229640143725,1.0,0,0,0,0,0,0,0,0,0,0,software_compass,good,0,0,0,0
5400,54,0.0,0.0,1.0,0,0,0,-35.508456955583526,-11.009687524813476,33.44498269204935,0.0,0.0,1.0,0,0,0,-35.508456955583526,-11.009687524813476,33.44498269204935,-35.508456955583526,-11.009687524813476,33.44498269204935,50.00630562271164,1.0,0,0,0,0,0,0,0,0,0,0,software_compass,good,0,0,0,0
5500,55,0.0,0.0,1.0,0,0,0,20.37610688747113,3.333546126984764,26.469284832988876,0.0,0.0,1.0,0,0,0,20.37610688747113,3.333546126984764,26.469284832988876,20.37610688747113,3.333546126984764,26.469284832988876,33.5696485123136,1.0,0,0,0,0,0,0,0,0,0,0,software_compass,good,0,0,0,0
5600,56,0.0,0.0,1.0,0,0,0,-45.07576966318008,30.146745967000843,34.38566816277946,0.0,0.0,1.0,0,0,0,-45.07576966318008,30.146745967000843,34.38566816277946,-45.07576966318008,30.146745967000843,34.38566816277946,64.21078942146508,1.0,0,0,0,0,0,0,0,0,0,0,software_compass,good,0,0,0,0
5700,57,0.0,0.0,1.0,0,0,0,-4.449056946571954,-24.26987184260952,28.86293689449699,0.0,0.0,1.0,0,0,0,-4.449056946571954,-24.26987184260952,28.86293689449699,-4.449056946571954,-24.26987184260952,28.86293689449699,37.97222554902788,1.0,0,0,0,0,0,0,0,0,0,0,software_compass,good,0,0,0,0
5800,58,0.0,0.0,1.0,0,0,0,1.7265324728476728,29.336926129551458,28.192031742425435,0.0,0.0,1.0,0,0,0,1.7265324728476728,29.336926129551458,28.192031742425435,1.7265324728476728,29.336926129551458,28.192031742425435,40.723786696186295,1.0,0,0,0,0,0,0,0,0,0,0,software_compass,good,0,0,0,0
5900,59,0.0,0.0,1.0,0,0,0,-48.54897156165243,4.898115407171076,33.94921870302454,0.0,0.0,1.0,0,0,0,-48.54897156165243,4.898115407171076,33.94921870302454,-48.54897156165243,4.898115407171076,33.94921870302454,59.44361719126701,1.0,0,0,0,0,0,0,0,0,0,0,software_compass,good,0,0,0,0
6000,60,0.0,0.0,1.0,0,0,0,19.958996756722794,-13.193065446627536,25.238389633075258,0.0,0.0,1.0,0,0,0,19.958996756722794,-13.193065446627536,25.238389633075258,19.958996756722794,-13.193065446627536,25.238389633075258,34.776354591658816,1.0,0,0,0,0,0,0,0,0,0,0,software_compass,good,0,0,0,0
6100,61,0.0,0.0,1.0,0,0,0,-30.683478460519687,38.425679113378486,31.49427058625514,0.0,0.0,1.0,0,0,0,-30.683478460519687,38.425679113378486,31.49427058625514,-30.683478460519687,38.425679113378486,31.49427058625514,58.394329737755896,1.0,0,0,0,0,0,0,0,0,0,0,software_compass,good,0,0,0,0
6200,62,0.0,0.0,1.0,0,0,0,-24.824511241448313,-19.892612909404647,30.19410993849297,0.0,0.0,1.0,0,0,0,-24.824511241448313,-19.892612909404647,30.19410993849297,-24.824511241448313,-19.892612909404647,30.19410993849297,43.859510732770445,1.0,0,0,0,0,0,0,0,0,0,0,software_compass,good,0,0,0,0
6300,63,0.0,0.0,1.0,0,0,0,17.901851113849087,14.352782878564165,24.944065787514646,0.0,0.0,1.0,0,0,0,17.901851113849087,14.352782878564165,24.944065787514646,17.901851113849087,14.352782878564165,24.944065787514646,33.89225675096722,1.0,0,0,0,0,0,0,0,0,0,0,software_compass,good,0,0,0,0
6400,64,0.0,0.0,1.0,0,0,0,-51.339251391557,22.580734995107235,33.21228236195724,0.0,0.0,1.0,0,0,0,-51.339251391557,22.580734995107235,33.21228236195724,-51.339251391557,22.580734995107235,33.21228236195724,65.18177679424767,1.0,0,0,0,0,0,0,0,0,0,0,software_compass,good,0,0,0,0
6500,65,0.0,0.0,1.0,0,0,0,8.256148354990692,-24.331393507192786,25.417869330059816,0.0,0.0,1.0,0,0,0,8.256148354990692,-24.331393507192786,25.417869330059816,8.256148354990692,-24.331393507192786,25.417869330059816,36.14206381685299,1.0,0,0,0,0,0,0,0,0,0,0,software_compass,good,0,0,0,0
6600,66,0.0,0.0,1.0,0,0,0,-9.959980562258236,36.928494247582286,27.771363204096307,0.0,0.0,1.0,0,0,0,-9.959980562258236,36.928494247582286,27.771363204096307,-9.959980562258236,36.928494247582286,27.771363204096307,47.266938915145694,1.0,0,0,0,0,0,0,0,0,0,0,software_compass,good,0,0,0,0
6700,67,0.0,0.0,1.0,0,0,0,-43.14821594119298,-6.49532781533612,31.328550011530048,0.0,0.0,1.0,0,0,0,-43.14821594119298,-6.49532781533612,31.328550011530048,-43.14821594119298,-6.49532781533612,31.328550011530048,53.7162532960131,1.0,0,0,0,0,0,0,0,0,0,0,software_compass,good,0,0,0,0
6800,68,0.0,0.0,1.0,0,0,0,24.630671662712544,-4.090931386108112,22.829065565164726,0.0,0.0,1.0,0,0,0,24.630671662712544,-4.090931386108112,22.829065565164726,24.630671662712544,-4.090931386108112,22.829065565164726,33.831522885332625,1.0,0,0,0,0,0,0,0,0,0,0,software_compass,good,0,0,0,0
6900,69,0.0,0.0,1.0,0,0,0,-42.21990792662204,36.25708810621751,30.99702927098751,0.0,0.0,1.0,0,0,0,-42.21990792662204,36.25708810621751,30.99702927098751,-42.21990792662204,36.25708810621751,30.99702927098751,63.70174948069259,1.0,0,0,0,0,0,0,0,0,0,0,software_compass,good,0,0,0,0
7000,70,0.0,0.0,1.0,0,0,0,-11.520750420054176,-26.038172247941198,26.639639518721093,0.0,0.0,1.0,0,0,0,-11.520750420054176,-26.038172247941198,26.639639518721093,-11.520750420054176,-26.038172247941198,26.639639518721093,38.992108149496616,1.0,0,0,0,0,0,0,0,0,0,0,software_compass,good,0,0,0,0
7100,71,0.0,0.0,1.0,0,0,0,10.668856904513529,25.52144915091656,24.000877949750638,0.0,0.0,1.0,0,0,0,10.668856904513529,25.52144915091656,24.000877949750638,10.668856904513529,25.52144915091656,24.000877949750638,36.622547928436546,1.0,0,0,0,0,0,0,0,0,0,0,software_compass,good,0,0,0,0
7200,72,0.0,0.0,1.0,0,0,0,-53.16591647818283,12.033040457937442,31.47927690793211,0.0,0.0,1.0,0,0,0,-53.16591647818283,12.033040457937442,31.47927690793211,-53.16591647818283,12.033040457937442,31.47927690793211,62.94722878946888,1.0,0,0,0,0,0,0,0,0,0,0,software_compass,good,0,0,0,0
7300,73,0.0,0.0,1.0,0,0,0,19.160153561451043,-20.109423876702305,22.218327268771716,0.0,0.0,1.0,0,0,0,19.160153561451043,-20.109423876702305,22.218327268771716,19.160153561451043,-20.109423876702305,22.218327268771716,35.569010103930566,1.0,0,0,0,0,0,0,0,0,0,0,software_compass,good,0,0,0,0
7400,74,0.0,0.0,1.0,0,0,0,-23.440388259523232,41.15625994115738,27.549692214369315,0.0,0.0,1.0,0,0,0,-23.440388259523232,41.15625994115738,27.549692214369315,-23.440388259523232,41.15625994115738,27.549692214369315,54.79302031470606,1.0,0,0,0,0,0,0,0,0,0,0,software_compass,good,0,0,0,0
7500,75,0.0,0.0,1.0,0,0,0,-33.264978354829964,-17.205057433458066,28.1645585336001,0.0,0.0,1.0,0,0,0,-33.264978354829964,-17.205057433458066,28.1645585336001,-33.264978354829964,-17.205057433458066,28.1645585336001,46.85952564450992,1.0,0,0,0,0,0,0,0,0,0,0,software_compass,good,0,0,0,0
7600,76,0.0,0.0,1.0,0,0,0,24.44691768244318,7.385034978283674,21.026854884409417,0.0,0.0,1.0,0,0,0,24.44691768244318,7.385034978283674,21.026854884409417,24.44691768244318,7.385034978283674,21.026854884409417,33.08049504062233,1.0,0,0,0,0,0,0,0,0,0,0,software_compass,good,0,0,0,0
7700,77,0.0,0.0,1.0,0,0,0,-51.05682283512294,29.871096839919804,30.14495425241958,0.0,0.0,1.0,0,0,0,-51.05682283512294,29.871096839919804,30.14495425241958,-51.05682283512294,29.871096839919804,30.14495425241958,66.3912633658787,1.0,0,0,0,0,0,0,0,0,0,0,software_compass,good,0,0,0,0
7800,78,0.0,0.0,1.0,0,0,0,2.6639901216591255,-28.30810564694233,23.00071151759233,0.0,0.0,1.0,0,0,0,2.6639901216591255,-28.30810564694233,23.00071151759233,2.6639901216591255,-28.30810564694233,23.00071151759233,36.571552045302234,1.0,0,0,0,0,0,0,0,0,0,0,software_compass,good,0,0,0,0
7900,79,0.0,0.0,1.0,0,0,0,-0.593454861418774,35.18065120103622,23.540744508020644,0.0,0.0,1.0,0,0,0,-0.593454861418774,35.18065120103622,23.540744508020644,-0.593454861418774,35.18065120103622,23.540744508020644,42.33434846071707,1.0,0,0,0,0,0,0,0,0,0,0,software_compass,good,0,0,0,0
8000,80,0.0,0.0,1.0,0,0,0,-49.893414739638125,-0.17690647958422012,29.11363907753256,0.0,0.0,1.0,0,0,0,-49.893414739638125,-0.17690647958422012,29.11363907753256,-49.893414739638125,-0.17690647958422012,29.11363907753256,57.76666954759369,1.0,0,0,0,0,0,0,0,0,0,0,software_compass,good,0,0,0,0
8100,81,0.0,0.0,1.0,0,0,0,26.54822931105395,-11.897121490397375,19.471964856628112,0.0,0.0,1.0,0,0,0,26.54822931105395,-11.897121490397375,19.471964856628112,26.54822931105395,-11.897121490397375,19.471964856628112,35.00724774510758,1.0,0,0,0,0,0,0,0,0,0,0,software_compass,good,0,0,0,0
8200,82,0.0,0.0,1.0,0,0,0,-36.83512810726772,41.131124966845384,27.292179914024317,0.0,0.0,1.0,0,0,0,-36.83512810726772,41.131124966845384,27.292179914024317,-36.83512810726772,41.131124966845384,27.292179914024317,61.591064190972936,1.0,0,0,0,0,0,0,0,0,0,0,software_compass,good,0,0,0,0
8300,83,0.0,0.0,1.0,0,0,0,-19.967114493947104,-25.617697041474866,24.59727927824802,0.0,0.0,1.0,0,0,0,-19.967114493947104,-25.617697041474866,24.59727927824802,-19.967114493947104,-25.617697041474866,24.59727927824802,40.7428301767969,1.0,0,0,0,0,0,0,0,0,0,0,software_compass,good,0,0,0,0
8400,84,0.0,0.0,1.0,0,0,0,19.105663334806824,19.73346199511816,19.859687158060627,0.0,0.0,1.0,0,0,0,19.105663334806824,19.73346199511816,19.859687158060627,19.105663334806824,19.73346199511816,19.859687158060627,33.89458758846009,1.0,0,0,0,0,0,0,0,0,0,0,software_compass,good,0,0,0,0
8500,85,0.0,0.0,1.0,0,0,0,-55.67426298713449,19.875818556591845,28.75605620674194,0.0,0.0,1.0,0,0,0,-55.67426298713449,19.875818556591845,28.75605620674194,-55.67426298713449,19.875818556591845,28.75605620674194,65.73874421542045,1.0,0,0,0,0,0,0,0,0,0,0,software_compass,good,0,0,0,0
8600,86,0.0,0.0,1.0,0,0,0,15.777964911844776,-26.097591470965455,19.519283370433847,0.0,0.0,1.0,0,0,0,15.777964911844776,-26.097591470965455,19.519283370433847,15.777964911844776,-26.097591470965455,19.519283370433847,36.208160415023976,1.0,0,0,0,0,0,0,0,0,0,0,software_compass,good,0,0,0,0
8700,87,0.0,0.0,1.0,0,0,0,-14.515385572805327,41.8227215384206,23.387400073719135,0.0,0.0,1.0,0,0,0,-14.515385572805327,41.8227215384206,23.387400073719135,-14.515385572805327,41.8227215384206,23.387400073719135,50.06802310273168,1.0,0,0,0,0,0,0,0,0,0,0,software_compass,good,0,0,0,0
8800,88,0.0,0.0,1.0,0,0,0,-41.59440461833759,-12.419707299553785,26.133965516000885,0.0,0.0,1.0,0,0,0,-41.59440461833759,-12.419707299553785,26.133965516000885,-41.59440461833759,-12.419707299553785,26.133965516000885,50.66880478708864,1.0,0,0,0,0,0,0,0,0,0,0,software_compass,good,0,0,0,0
8900,89,0.0,0.0,1.0,0,0,0,29.153178240467142,-0.5980184105273318,17.328140961330813,0.0,0.0,1.0,0,0,0,29.153178240467142,-0.5980184105273318,17.328140961330813,29.153178240467142,-0.5980184105273318,17.328140961330813,33.91946191665674,1.0,0,0,0,0,0,0,0,0,0,0,software_compass,good,0,0,0,0
9000,90,0.0,0.0,1.0,0,0,0,-48.19161243666213,36.55758566174161,26.758611896937254,0.0,0.0,1.0,0,0,0,-48.19161243666213,36.55758566174161,26.758611896937254,-48.19161243666213,36.55758566174161,26.758611896937254,66.14311671906562,1.0,0,0,0,0,0,0,0,0,0,0,software_compass,good,0,0,0,0
9100,91,0.0,0.0,1.0,0,0,0,-4.878643494445816,-30.387883058772637,20.833066820478788,0.0,0.0,1.0,0,0,0,-4.878643494445816,-30.387883058772637,20.833066820478788,-4.878643494445816,-30.387883058772637,20.833066820478788,37.165054450196536,1.0,0,0,0,0,0,0,0,0,0,0,software_compass,good,0,0,0,0
9200,92,0.0,0.0,1.0,0,0,0,9.05536631662643,31.255602016666018,19.262659105060848,0.0,0.0,1.0,0,0,0,9.05536631662643,31.255602016666018,19.262659105060848,9.05536631662643,31.255602016666018,19.262659105060848,37.81484301633808,1.0,0,0,0,0,0,0,0,0,0,0,software_compass,good,0,0,0,0
9300,93,0.0,0.0,1.0,0,0,0,-55.1069233217659,7.440014069556805,26.71942627544086,0.0,0.0,1.0,0,0,0,-55.1069233217659,7.440014069556805,26.71942627544086,-55.1069233217659,7.440014069556805,26.71942627544086,61.69322935164692,1.0,0,0,0,0,0,0,0,0,0,0,software_compass,good,0,0,0,0
9400,94,0.0,0.0,1.0,0,0,0,25.93936294368222,-19.43448511711317,16.424996532656568,0.0,0.0,1.0,0,0,0,25.93936294368222,-19.43448511711317,16.424996532656568,25.93936294368222,-19.43448511711317,16.424996532656568,36.33634919456202,1.0,0,0,0,0,0,0,0,0,0,0,software_compass,good,0,0,0,0
9500,95,0.0,0.0,1.0,0,0,0,-29.275404216844453,44.31558080329789,23.31164261434014,0.0,0.0,1.0,0,0,0,-29.275404216844453,44.31558080329789,23.31164261434014,-29.275404216844453,44.31558080329789,23.31164261434014,58.003040225250075,1.0,0,0,0,0,0,0,0,0,0,0,software_compass,good,0,0,0,0
9600,96,0.0,0.0,1.0,0,0,0,-29.080747319073577,-22.988645536010996,22.64958607385033,0.0,0.0,1.0,0,0,0,-29.080747319073577,-22.988645536010996,22.64958607385033,-29.080747319073577,-22.988645536010996,22.64958607385033,43.44158649880225,1.0,0,0,0,0,0,0,0,0,0,0,software_compass,good,0,0,0,0
9700,97,0.0,0.0,1.0,0,0,0,26.350085861420588,12.39370564801482,15.854850572866773,0.0,0.0,1.0,0,0,0,26.350085861420588,12.39370564801482,15.854850572866773,26.350085861420588,12.39370564801482,15.854850572866773,33.155802678894766,1.0,0,0,0,0,0,0,0,0,0,0,software_compass,good,0,0,0,0
9800,98,0.0,0.0,1.0,0,0,0,-55.7681712678822,27.789367347628108,25.738405452516545,0.0,0.0,1.0,0,0,0,-55.7681712678822,27.789367347628108,25.738405452516545,-55.7681712678822,27.789367347628108,25.738405452516545,67.41515689652732,1.0,0,0,0,0,0,0,0,0,0,0,software_compass,good,0,0,0,0
9900,99,0.0,0.0,1.0,0,0,0,10.045504640685746,-30.6403671877217,17.115881283963592,0.0,0.0,1.0,0,0,0,10.045504640685746,-30.6403671877217,17.115881283963592,10.045504640685746,-30.6403671877217,17.115881283963592,36.50613177277465,1.0,0,0,0,0,0,0,0,0,0,0,software_compass,good,0,0,0,0
10000,100,0.0,0.0,1.0,0,0,0,-4.554168352591823,40.29869049008189,19.085492972399955,0.0,0.0,1.0,0,0,0,-4.554168352591823,40.29869049008189,19.085492972399955,-4.554168352591823,40.29869049008189,19.085492972399955,44.82165711571464,1.0,0,0,0,0,0,0,0,0,0,0,software_compass,good,0,0,0,0
10100,101,0.0,0.0,1.0,0,0,0,-49.09675859851482,-5.864766356387641,24.01293019365147,0.0,0.0,1.0,0,0,0,-49.09675859851482,-5.864766356387641,24.01293019365147,-49.09675859851482,-5.864766356387641,24.01293019365147,54.9682454311672,1.0,0,0,0,0,0,0,0,0,0,0,software_compass,good,0,0,0,0
10200,102,0.0,0.0,1.0,0,0,0,31.611309164691903,-8.989244407281927,13.901533932241243,0.0,0.0,1.0,0,0,0,31.611309164691903,-8.989244407281927,13.901533932241243,31.611309164691903,-8.989244407281927,13.901533932241243,35.68380624020983,1.0,0,0,0,0,0,0,0,0,0,0,software_compass,good,0,0,0,0
10300,103,0.0,0.0,1.0,0,0,0,-42.854352892925505,42.07536896929524,23.063407345647196,0.0,0.0,1.0,0,0,0,-42.854352892925505,42.07536896929524,23.063407345647196,-42.854352892925505,42.07536896929524,23.063407345647196,64.33314071429265,1.0,0,0,0,0,0,0,0,0,0,0,software_compass,good,0,0,0,0
10400,104,0.0,0.0,1.0,0,0,0,-13.802535451023669,-30.34518494359083,18.84676810588252,0.0,0.0,1.0,0,0,0,-13.802535451023669,-30.34518494359083,18.84676810588252,-13.802535451023669,-30.34518494359083,18.84676810588252,38.295442315952,1.0,0,0,0,0,0,0,0,0,0,0,software_compass,good,0,0,0,0
10500,105,0.0,0.0,1.0,0,0,0,18.261272433237945,25.383740248571204,15.027044953664372,0.0,0.0,1.0,0,0,0,18.261272433237945,25.383740248571204,15.027044953664372,18.261272433237945,25.383740248571204,15.027044953664372,34.69323305671179,1.0,0,0,0,0,0,0,0,0,0,0,software_compass,good,0,0,0,0
10600,106,0.0,0.0,1.0,0,0,0,-58.29037568462283,15.793170145352622,24.08169555249064,0.0,0.0,1.0,0,0,0,-58.29037568462283,15.793170145352622,24.08169555249064,-58.29037568462283,15.793170145352622,24.08169555249064,65.01630704198273,1.0,0,0,0,0,0,0,0,0,0,0,software_compass,good,0,0,0,0
10700,107,0.0,0.0,1.0,0,0,0,22.793744823651572,-26.107005725277375,13.692978595956504,0.0,0.0,1.0,0,0,0,22.793744823651572,-26.107005725277375,13.692978595956504,22.793744823651572,-26.107005725277375,13.692978595956504,37.26430213830297,1.0,0,0,0,0,0,0,0,0,0,0,software_compass,good,0,0,0,0
10800,108,0.0,0.0,1.0,0,0,0,-20.021112677843657,45.49492204736888,19.1121982058877,0.0,0.0,1.0,0,0,0,-20.021112677843657,45.49492204736888,19.1121982058877,-20.021112677843657,45.49492204736888,19.1121982058877,53.25325347071501,1.0,0,0,0,0,0,0,0,0,0,0,software_compass,good,0,0,0,0
10900,109,0.0,0.0,1.0,0,0,0,-38.14646352202177,-18.280713737609293,20.708447145520324,0.0,0.0,1.0,0,0,0,-38.14646352202177,-18.280713737609293,20.708447145520324,-38.14646352202177,-18.280713737609293,20.708447145520324,47.09752601965589,1.0,0,0,0,0,0,0,0,0,0,0,software_compass,good,0,0,0,0
11000,110,0.0,0.0,1.0,0,0,0,31.83042159555609,4.006334238286641,12.059193410218775,0.0,0.0,1.0,0,0,0,31.83042159555609,4.006334238286641,12.059193410218775,31.83042159555609,4.006334238286641,12.059193410218775,34.27317608108089,1.0,0,0,0,0,0,0,0,0,0,0,software_compass,good,0,0,0,0
11100,111,0.0,0.0,1.0,0,0,0,-53.32012530725734,35.162877524784165,22.40710727572542,0.0,0.0,1.0,0,0,0,-53.32012530725734,35.162877524784165,22.40710727572542,-53.32012530725734,35.162877524784165,22.40710727572542,67.68709016548475,1.0,0,0,0,0,0,0,0,0,0,0,software_compass,good,0,0,0,0
11200,112,0.0,0.0,1.0,0,0,0,2.3444295504929116,-33.34298084507017,14.963868714463402,0.0,0.0,1.0,0,0,0,2.3444295504929116,-33.34298084507017,14.963868714463402,2.3444295504929116,-33.34298084507017,14.963868714463402,36.621961832425605,1.0,0,0,0,0,0,0,0,0,0,0,software_compass,good,0,0,0,0
11300,113,0.0,0.0,1.0,0,0,0,5.75629837640472,36.612613951559695,14.728033177294936,0.0,0.0,1.0,0,0,0,5.75629837640472,36.612613951559695,14.728033177294936,5.75629837640472,36.612613951559695,14.728033177294936,39.881492357177954,1.0,0,0,0,0,0,0,0,0,0,0,software_compass,good,0,0,0,0
11400,114,0.0,0.0,1.0,0,0,0,-55.14370961171115,2.025157747044553,21.72212696032409,0.0,0.0,1.0,0,0,0,-55.14370961171115,2.025157747044553,21.72212696032409,-55.14370961171115,2.025157747044553,21.72212696032409,59.30245166366715,1.0,0,0,0,0,0,0,0,0,0,0,software_compass,good,0,0,0,0
11500,115,0.0,0.0,1.0,0,0,0,31.582930089332194,-17.17914475985014,10.779782152060966,0.0,0.0,1.0,0,0,0,31.582930089332194,-17.17914475985014,10.779782152060966,31.582930089332194,-17.17914475985014,10.779782152060966,37.53409371429426,1.0,0,0,0,0,0,0,0,0,0,0,software_compass,good,0,0,0,0
11600,116,0.0,0.0,1.0,0,0,0,-35.32065185941346,45.96257164609294,19.090241665673197,0.0,0.0,1.0,0,0,0,-35.32065185941346,45.96257164609294,19.090241665673197,-35.32065185941346,45.96257164609294,19.090241665673197,61.02904035743901,1.0,0,0,0,0,0,0,0,0,0,0,software_compass,good,0,0,0,0
11700,117,0.0,0.0,1.0,0,0,0,-23.46588214088144,-28.108935481285847,16.96386215239979,0.0,0.0,1.0,0,0,0,-23.46588214088144,-28.108935481285847,16.96386215239979,-23.46588214088144,-28.108935481285847,16.96386215239979,40.35508019650625,1.0,0,0,0,0,0,0,0,0,0,0,software_compass,good,0,0,0,0
11800,118,0.0,0.0,1.0,0,0,0,26.356732498673985,17.92062177895783,10.917543073218532,0.0,0.0,1.0,0,0,0,26.356732498673985,17.92062177895783,10.917543073218532,26.356732498673985,17.92062177895783,10.917543073218532,33.69003977003733,1.0,0,0,0,0,0,0,0,0,0,0,software_compass,good,0,0,0,0
11900,119,0.0,0.0,1.0,0,0,0,-59.10314088426606,24.289943222901318,21.15531239399069,0.0,0.0,1.0,0,0,0,-59.10314088426606,24.289943222901318,21.15531239399069,-59.10314088426606,24.289943222901318,21.15531239399069,67.31069637616676,1.0,0,0,0,0,0,0,0,0,0,0,software_compass,good,0,0,0,0
12000,120,0.0,0.0,1.0,0,0,0,17.276211931287378,-31.39898154217279,11.25885856337193,0.0,0.0,1.0,0,0,0,17.276211931287378,-31.39898154217279,11.25885856337193,17.276211931287378,-31.39898154217279,11.25885856337193,37.56494957710548,1.0,0,0,0,0,0,0,0,0,0,0,software_compass,good,0,0,0,0
12100,121,0.0,0.0,1.0,0,0,0,-9.653461307308934,44.502474119677885,14.763829429484595,0.0,0.0,1.0,0,0,0,-9.653461307308934,44.502474119677885,14.763829429484595,-9.653461307308934,44.502474119677885,14.763829429484595,47.87097426841474,1.0,0,0,0,0,0,0,0,0,0,0,software_compass,good,0,0,0,0
12200,122,0.0,0.0,1.0,0,0,0,-46.47536867056543,-11.762952685264072,18.688128784062265,0.0,0.0,1.0,0,0,0,-46.47536867056543,-11.762952685264072,18.688128784062265,-46.47536867056543,-11.762952685264072,18.688128784062265,51.454573231059186,1.0,0,0,0,0,0,0,0,0,0,0,software_compass,good,0,0,0,0
12300,123,0.0,0.0,1.0,0,0,0,35.114500269907246,-4.867689428680013,8.528840104014566,0.0,0.0,1.0,0,0,0,35.114500269907246,-4.867689428680013,8.528840104014566,35.114500269907246,-4.867689428680013,8.528840104014566,36.461810749046,1.0,0,0,0,0,0,0,0,0,0,0,software_compass,good,0,0,0,0
12400,124,0.0,0.0,1.0,0,0,0,-48.38211362138227,41.4409922957915,18.765196405268117,0.0,0.0,1.0,0,0,0,-48.38211362138227,41.4409922957915,18.765196405268117,-48.38211362138227,41.4409922957915,18.765196405268117,66.41022027565096,1.0,0,0,0,0,0,0,0,0,0,0,software_compass,good,0,0,0,0
12500,125,0.0,0.0,1.0,0,0,0,-6.818326322431542,-33.949174819015894,13.002867865394094,0.0,0.0,1.0,0,0,0,-6.818326322431542,-33.949174819015894,13.002867865394094,-6.818326322431542,-33.949174819015894,13.002867865394094,36.98797936433084,1.0,0,0,0,0,0,0,0,0,0,0,software_compass,good,0,0,0,0
12600,126,0.0,0.0,1.0,0,0,0,15.723673617398322,30.94174007746907,10.40062745300722,0.0,0.0,1.0,0,0,0,15.723673617398322,30.94174007746907,10.40062745300722,15.723673617398322,30.94174007746907,10.40062745300722,36.2325577687302,1.0,0,0,0,0,0,0,0,0,0,0,software_compass,good,0,0,0,0
12700,127,0.0,0.0,1.0,0,0,0,-59.224129326741874,10.73448114032533,19.196059786843314,0.0,0.0,1.0,0,0,0,-59.224129326741874,10.73448114032533,19.196059786843314,-59.224129326741874,10.73448114032533,19.196059786843314,63.17606580978836,1.0,0,0,0,0,0,0,0,0,0,0,software_compass,good,0,0,0,0
12800,128,0.0,0.0,1.0,0,0,0,29.007749961467454,-24.58749621935089,7.973710920507424,0.0,0.0,1.0,0,0,0,29.007749961467454,-24.58749621935089,7.973710920507424,29.007749961467454,-24.58749621935089,7.973710920507424,38.85324431765549,1.0,0,0,0,0,0,0,0,0,0,0,software_compass,good,0,0,0,0
12900,129,0.0,0.0,1.0,0,0,0,-26.01148454640015,47.88132017241725,14.888508270376885,0.0,0.0,1.0,0,0,0,-26.01148454640015,47.88132017241725,14.888508270376885,-26.01148454640015,47.88132017241725,14.888508270376885,56.48792639386071,1.0,0,0,0,0,0,0,0,0,0,0,software_compass,good,0,0,0,0
13000,130,0.0,0.0,1.0,0,0,0,-33.19054869440705,-23.761513308229535,15.101043195779521,0.0,0.0,1.0,0,0,0,-33.19054869440705,-23.761513308229535,15.101043195779521,-33.19054869440705,-23.761513308229535,15.101043195779521,43.52313801799881,1.0,0,0,0,0,0,0,0,0,0,0,software_compass,good,0,0,0,0
13100,131,0.0,0.0,1.0,0,0,0,32.76584713447108,9.324035947592922,7.0072144717204985,0.0,0.0,1.0,0,0,0,32.76584713447108,9.324035947592922,7.0072144717204985,32.76584713447108,9.324035947592922,7.0072144717204985,34.779871182110796,1.0,0,0,0,0,0,0,0,0,0,0,software_compass,good,0,0,0,0
13200,132,0.0,0.0,1.0,0,0,0,-57.375826300816776,32.340352638902374,17.916069735149883,0.0,0.0,1.0,0,0,0,-57.375826300816776,32.340352638902374,17.916069735149883,-57.375826300816776,32.340352638902374,17.916069735149883,68.2559111525501,1.0,0,0,0,0,0,0,0,0,0,0,software_compass,good,0,0,0,0
13300,133,0.0,0.0,1.0,0,0,0,9.71230217814594,-34.90066560852916,9.08532678160616,0.0,0.0,1.0,0,0,0,9.71230217814594,-34.90066560852916,9.08532678160616,9.71230217814594,-34.90066560852916,9.08532678160616,37.348740758512314,1.0,0,0,0,0,0,0,0,0,0,0,software_compass,good,0,0,0,0
13400,134,0.0,0.0,1.0,0,0,0,1.1806576647325038,41.32495354166407,10.345455811883314,0.0,0.0,1.0,0,0,0,1.1806576647325038,41.32495354166407,10.345455811883314,1.1806576647325038,41.32495354166407,10.345455811883314,42.61659528514234,1.0,0,0,0,0,0,0,0,0,0,0,software_compass,good,0,0,0,0
13500,135,0.0,0.0,1.0,0,0,0,-53.442284992966364,-3.824490747604953,16.50996181949194,0.0,0.0,1.0,0,0,0,-53.442284992966364,-3.824490747604953,16.50996181949194,-53.442284992966364,-3.824490747604953,16.50996181949194,56.064992589217695,1.0,0,0,0,0,0,0,0,0,0,0,software_compass,good,0,0,0,0
13600,136,0.0,0.0,1.0,0,0,0,35.92953114464231,-13.643745177353953,5.300592759128561,0.0,0.0,1.0,0,0,0,35.92953114464231,-13.643745177353953,5.300592759128561,35.92953114464231,-13.643745177353953,5.300592759128561,38.79663998771694,1.0,0,0,0,0,0,0,0,0,0,0,software_compass,good,0,0,0,0
13700,137,0.0,0.0,1.0,0,0,0,-41.17714644307239,46.15339612874234,14.83710031634466,0.0,0.0,1.0,0,0,0,-41.17714644307239,46.15339612874234,14.83710031634466,-41.17714644307239,46.15339612874234,14.83710031634466,63.60686212357997,1.0,0,0,0,0,0,0,0,0,0,0,software_compass,good,0,0,0,0
13800,138,0.0,0.0,1.0,0,0,0,-16.843182122743944,-32.351488008983196,11.160298910500842,0.0,0.0,1.0,0,0,0,-16.843182122743944,-32.351488008983196,11.160298910500842,-16.843182122743944,-32.351488008983196,11.160298910500842,38.14267730753874,1.0,0,0,0,0,0,0,0,0,0,0,software_compass,good,0,0,0,0
13900,139,0.0,0.0,1.0,0,0,0,24.689966642722823,23.597439196102485,6.185488076752538,0.0,0.0,1.0,0,0,0,24.689966642722823,23.597439196102485,6.185488076752538,24.689966642722823,23.597439196102485,6.185488076752538,34.70869994943872,1.0,0,0,0,0,0,0,0,0,0,0,software_compass,good,0,0,0,0
14000,140,0.0,0.0,1.0,0,0,0,-60.96992457962159,19.698750277458384,16.38640853538562,0.0,0.0,1.0,0,0,0,-60.96992457962159,19.698750277458384,16.38640853538562,-60.96992457962159,19.698750277458384,16.38640853538562,66.13536762146991,1.0,0,0,0,0,0,0,0,0,0,0,software_compass,good,0,0,0,0
14100,141,0.0,0.0,1.0,0,0,0,24.00169017667374,-30.696033533286624,5.472256647426995,0.0,0.0,1.0,0,0,0,24.00169017667374,-30.696033533286624,5.472256647426995,24.00169017667374,-30.696033533286624,5.472256647426995,39.3481028618789,1.0,0,0,0,0,0,0,0,0,0,0,software_compass,good,0,0,0,0
14200,142,0.0,0.0,1.0,0,0,0,-15.46436173728539,47.63369657279435,10.522667149999092,0.0,0.0,1.0,0,0,0,-15.46436173728539,47.63369657279435,10.522667149999092,-15.46436173728539,47.63369657279435,10.522667149999092,51.17462317477605,1.0,0,0,0,0,0,0,0,0,0,0,software_compass,good,0,0,0,0
14300,143,0.0,0.0,1.0,0,0,0,-42.30280914222713,-17.529394221645223,13.174683977980283,0.0,0.0,1.0,0,0,0,-42.30280914222713,-17.529394221645223,13.174683977980283,-42.30280914222713,-17.529394221645223,13.174683977980283,47.6485007216512,1.0,0,0,0,0,0,0,0,0,0,0,software_compass,good,0,0,0,0
14400,144,0.0,0.0,1.0,0,0,0,37.03552459927249,0.12409773163396398,3.3545544369777147,0.0,0.0,1.0,0,0,0,37.03552459927249,0.12409773163396398,3.3545544369777147,37.03552459927249,0.12409773163396398,3.3545544369777147,37.18734351981816,1.0,0,0,0,0,0,0,0,0,0,0,software_compass,good,0,0,0,0
14500,145,0.0,0.0,1.0,0,0,0,-53.11532614183348,39.391835317119465,14.361512037467108,0.0,0.0,1.0,0,0,0,-53.11532614183348,39.391835317119465,14.361512037467108,-53.11532614183348,39.391835317119465,14.361512037467108,67.66984253570206,1.0,0,0,0,0,0,0,0,0,0,0,software_compass,good,0,0,0,0
14600,146,0.0,0.0,1.0,0,0,0,0.564331218285334,-36.329552637786094,7.117610907817667,0.0,0.0,1.0,0,0,0,0.564331218285334,-36.329552637786094,7.117610907817667,0.564331218285334,-36.329552637786094,7.117610907817667,37.02452227403734,1.0,0,0,0,0,0,0,0,0,0,0,software_compass,good,0,0,0,0
14700,147,0.0,0.0,1.0,0,0,0,11.809091595796229,36.09892077014863,5.93997589898618,0.0,0.0,1.0,0,0,0,11.809091595796229,36.09892077014863,5.93997589898618,11.809091595796229,36.09892077014863,5.93997589898618,38.443075303205255,1.0,0,0,0,0,0,0,0,0,0,0,software_compass,good,0,0,0,0
14800,148,0.0,0.0,1.0,0,0,0,-58.52139984282308,5.052117012163107,14.106854068784592,0.0,0.0,1.0,0,0,0,-58.52139984282308,5.052117012163107,14.106854068784592,-58.52139984282308,5.052117012163107,14.106854068784592,60.40928287594669,1.0,0,0,0,0,0,0,0,0,0,0,software_compass,good,0,0,0,0
14900,149,0.0,0.0,1.0,0,0,0,34.174105949866465,-21.74934820109295,2.3902517502674243,0.0,0.0,1.0,0,0,0,34.174105949866465,-21.74934820109295,2.3902517502674243,34.174105949866465,-21.74934820109295,2.3902517502674243,40.57852841189217,1.0,0,0,0,0,0,0,0,0,0,0,software_compass,good,0,0,0,0
15000,150,0.0,0.0,1.0,0,0,0,-32.081148490864635,48.940879701825786,10.666583511099267,0.0,0.0,1.0,0,0,0,-32.081148490864635,48.940879701825786,10.666583511099267,-32.081148490864635,48.940879701825786,10.666583511099267,59.482651237825166,1.0,0,0,0,0,0,0,0,0,0,0,software_compass,good,0,0,0,0
15100,151,0.0,0.0,1.0,0,0,0,-27.076703709333795,-28.59377315707092,9.3561024568592,0.0,0.0,1.0,0,0,0,-27.076703709333795,-28.59377315707092,9.3561024568592,-27.076703709333795,-28.59377315707092,9.3561024568592,40.47577547502119,1.0,0,0,0,0,0,0,0,0,0,0,software_compass,good,0,0,0,0
15200,152,0.0,0.0,1.0,0,0,0,32.07061349325383,15.002737798822467,2.1565267294123496,0.0,0.0,1.0,0,0,0,32.07061349325383,15.002737798822467,2.1565267294123496,32.07061349325383,15.002737798822467,2.1565267294123496,35.471918454300734,1.0,0,0,0,0,0,0,0,0,0,0,software_compass,good,0,0,0,0
15300,153,0.0,0.0,1.0,0,0,0,-60.17475508812435,28.34032815216758,13.264527736202353,0.0,0.0,1.0,0,0,0,-60.17475508812435,28.34032815216758,13.264527736202353,-60.17475508812435,28.34032815216758,13.264527736202353,67.82420693051095,1.0,0,0,0,0,0,0,0,0,0,0,software_compass,good,0,0,0,0
15400,154,0.0,0.0,1.0,0,0,0,16.84527659839419,-35.07855816686938,3.2437047489896402,0.0,0.0,1.0,0,0,0,16.84527659839419,-35.07855816686938,3.2437047489896402,16.84527659839419,-35.07855816686938,3.2437047489896402,39.0485621661216,1.0,0,0,0,0,0,0,0,0,0,0,software_compass,good,0,0,0,0
15500,155,0.0,0.0,1.0,0,0,0,-4.297415241441341,45.17034717763336,6.067910342962788,0.0,0.0,1.0,0,0,0,-4.297415241441341,45.17034717763336,6.067910342962788,-4.297415241441341,45.17034717763336,6.067910342962788,45.77824349880123,1.0,0,0,0,0,0,0,0,0,0,0,software_compass,good,0,0,0,0
15600,156,0.0,0.0,1.0,0,0,0,-50.17468475251195,-9.765639655807028,11.105988506591016,0.0,0.0,1.0,0,0,0,-50.17468475251195,-9.765639655807028,11.105988506591016,-50.17468475251195,-9.765639655807028,11.105988506591016,52.308791695178336,1.0,0,0,0,0,0,0,0,0,0,0,software_compass,good,0,0,0,0
15700,157,0.0,0.0,1.0,0,0,0,38.86043144596163,-9.111221121598092,0.00023985449385310886,0.0,0.0,1.0,0,0,0,38.86043144596163,-9.111221121598092,0.00023985449385310886,38.86043144596163,-9.111221121598092,0.00023985449385310886,39.914251622076904,1.0,0,0,0,0,0,0,0,0,0,0,software_compass,good,0,0,0,0
15800,158,0.0,0.0,1.0,0,0,0,-46.500160744100846,44.96252291218495,10.510564705882647,0.0,0.0,1.0,0,0,0,-46.500160744100846,44.96252291218495,10.510564705882647,-46.500160744100846,44.96252291218495,10.510564705882647,65.53140763246674,1.0,0,0,0,0,0,0,0,0,0,0,software_compass,good,0,0,0,0
15900,159,0.0,0.0,1.0,0,0,0,-9.600502127751435,-35.544891381937994,5.287284287256526,0.0,0.0,1.0,0,0,0,-9.600502127751435,-35.544891381937994,5.287284287256526,-9.600502127751435,-35.544891381937994,5.287284287256526,37.196294433626036,1.0,0,0,0,0,0,0,0,0,0,0,software_compass,good,0,0,0,0
16000,160,0.0,0.0,1.0,0,0,0,21.576788656826512,29.098816688157235,1.6290226889713475,0.0,0.0,1.0,0,0,0,21.576788656826512,29.098816688157235,1.6290226889713475,21.576788656826512,29.098816688157235,1.6290226889713475,36.262275939514865,1.0,0,0,0,0,0,0,0,0,0,0,software_compass,good,0,0,0,0
16100,161,0.0,0.0,1.0,0,0,0,-61.316755730252154,14.323077301526292,11.427205880595572,0.0,0.0,1.0,0,0,0,-61.316755730252154,14.323077301526292,11.427205880595572,-61.316755730252154,14.323077301526292,11.427205880595572,63.99590698557546,1.0,0,0,0,0,0,0,0,0,0,0,software_compass,good,0,0,0,0
16200,162,0.0,0.0,1.0,0,0,0,29.920694865262,-28.659616411642794,-0.20790074241663614,0.0,0.0,1.0,0,0,0,29.920694865262,-28.659616411642794,-0.20790074241663614,29.920694865262,-28.659616411642794,-0.20790074241663614,41.43265399176497,1.0,0,0,0,0,0,0,0,0,0,0,software_compass,good,0,0,0,0
16300,163,0.0,0.0,1.0,0,0,0,-21.596083651878303,49.575370583249835,6.313585026306267,0.0,0.0,1.0,0,0,0,-21.596083651878303,49.575370583249835,6.313585026306267,-21.596083651878303,49.575370583249835,6.313585026306267,54.44235073405517,1.0,0,0,0,0,0,0,0,0,0,0,software_compass,good,0,0,0,0
16400,164,0.0,0.0,1.0,0,0,0,-36.85372205558934,-22.86518673272641,7.50791893043086,0.0,0.0,1.0,0,0,0,-36.85372205558934,-22.86518673272641,7.50791893043086,-36.85372205558934,-22.86518673272641,7.50791893043086,44.01570674587654,1.0,0,0,0,0,0,0,0,0,0,0,software_compass,good,0,0,0,0
16500,165,0.0,0.0,1.0,0,0,0,37.38963441275242,5.663391959557192,-1.6251115692066307,0.0,0.0,1.0,0,0,0,37.38963441275242,5.663391959557192,-1.6251115692066307,37.38963441275242,5.663391959557192,-1.6251115692066307,37.85102056245282,1.0,0,0,0,0,0,0,0,0,0,0,software_compass,good,0,0,0,0
16600,166,0.0,0.0,1.0,0,0,0,-56.80366050213542,36.10500813895213,9.822840743641251,0.0,0.0,1.0,0,0,0,-56.80366050213542,36.10500813895213,9.822840743641251,-56.80366050213542,36.10500813895213,9.822840743641251,68.0199651531122,1.0,0,0,0,0,0,0,0,0,0,0,software_compass,good,0,0,0,0
16700,167,0.0,0.0,1.0,0,0,0,7.96261403894621,-37.42592579996266,1.2381081795939446,0.0,0.0,1.0,0,0,0,7.96261403894621,-37.42592579996266,1.2381081795939446,7.96261403894621,-37.42592579996266,1.2381081795939446,38.283626476365995,1.0,0,0,0,0,0,0,0,0,0,0,software_compass,good,0,0,0,0
16800,168,0.0,0.0,1.0,0,0,0,6.8312278422348705,40.59063759230839,1.6052016257698938,0.0,0.0,1.0,0,0,0,6.8312278422348705,40.59063759230839,1.6052016257698938,6.8312278422348705,40.59063759230839,1.6052016257698938,41.192744582535624,1.0,0,0,0,0,0,0,0,0,0,0,software_compass,good,0,0,0,0
16900,169,0.0,0.0,1.0,0,0,0,-56.26275391400939,-0.9251032416556724,8.825879493569175,0.0,0.0,1.0,0,0,0,-56.26275391400939,-0.9251032416556724,8.825879493569175,-56.26275391400939,-0.9251032416556724,8.825879493569175,56.9583132021227,1.0,0,0,0,0,0,0,0,0,0,0,software_compass,good,0,0,0,0
17000,170,0.0,0.0,1.0,0,0,0,38.099499838676444,-17.812779318788397,-3.035105608017048,0.0,0.0,1.0,0,0,0,38.099499838676444,-17.812779318788397,-3.035105608017048,38.099499838676444,-17.812779318788397,-3.035105608017048,42.16727239304172,1.0,0,0,0,0,0,0,0,0,0,0,software_compass,good,0,0,0,0
17100,171,0.0,0.0,1.0,0,0,0,-37.865942357174966,48.67047281914993,6.4019336014147505,0.0,0.0,1.0,0,0,0,-37.865942357174966,48.67047281914993,6.4019336014147505,-37.865942357174966,48.67047281914993,6.4019336014147505,61.99701016076043,1.0,0,0,0,0,0,0,0,0,0,0,software_compass,good,0,0,0,0
17200,172,0.0,0.0,1.0,0,0,0,-20.14805395269504,-32.55402285985145,3.5168611463389023,0.0,0.0,1.0,0,0,0,-20.14805395269504,-32.55402285985145,3.5168611463389023,-20.14805395269504,-32.55402285985145,3.5168611463389023,38.44576432798637,1.0,0,0,0,0,0,0,0,0,0,0,software_compass,good,0,0,0,0
17300,173,0.0,0.0,1.0,0,0,0,29.88713895221506,20.717039769175607,-2.512203856643061,0.0,0.0,1.0,0,0,0,29.88713895221506,20.717039769175607,-2.512203856643061,29.88713895221506,20.717039769175607,-2.512203856643061,36.45199555256127,1.0,0,0,0,0,0,0,0,0,0,0,software_compass,good,0,0,0,0
17400,174,0.0,0.0,1.0,0,0,0,-61.58517713269824,23.419051070185436,8.437922966219537,0.0,0.0,1.0,0,0,0,-61.58517713269824,23.419051070185436,8.437922966219537,-61.58517713269824,23.419051070185436,8.437922966219537,66.42578218943024,1.0,0,0,0,0,0,0,0,0,0,0,software_compass,good,0,0,0,0
17500,175,0.0,0.0,1.0,0,0,0,23.408042270528284,-33.929906708665996,-2.5203668580741567,0.0,0.0,1.0,0,0,0,23.408042270528284,-33.929906708665996,-2.5203668580741567,23.408042270528284,-33.929906708665996,-2.5203668580741567,41.29802975078709,1.0,0,0,0,0,0,0,0,0,0,0,software_compass,good,0,0,0,0
17600,176,0.0,0.0,1.0,0,0,0,-10.315809743589938,47.972284757124385,1.85012230878114,0.0,0.0,1.0,0,0,0,-10.315809743589938,47.972284757124385,1.85012230878114,-10.315809743589938,47.972284757124385,1.85012230878114,49.10375737193665,1.0,0,0,0,0,0,0,0,0,0,0,software_compass,good,0,0,0,0
17700,177,0.0,0.0,1.0,0,0,0,-45.54001542923331,-15.485721878276852,5.536387278090192,0.0,0.0,1.0,0,0,0,-45.54001542923331,-15.485721878276852,5.536387278090192,-45.54001542923331,-15.485721878276852,5.536387278090192,48.41851062846882,1.0,0,0,0,0,0,0,0,0,0,0,software_compass,good,0,0,0,0
17800,178,0.0,0.0,1.0,0,0,0,40.30832935361233,-3.865779393072625,-5.114753678410758,0.0,0.0,1.0,0,0,0,40.30832935361233,-3.865779393072625,-5.114753678410758,40.30832935361233,-3.865779393072625,-5.114753678410758,40.81502628672443,1.0,0,0,0,0,0,0,0,0,0,0,software_compass,good,0,0,0,0
17900,179,0.0,0.0,1.0,0,0,0,-50.992614359230615,42.49712097131852,6.074994768566546,0.0,0.0,1.0,0,0,0,-50.992614359230615,42.49712097131852,6.074994768566546,-50.992614359230615,42.49712097131852,6.074994768566546,66.65701442067596,1.0,0,0,0,0,0,0,0,0,0,0,software_compass,good,0,0,0,0
18000,180,0.0,0.0,1.0,0,0,0,-2.1079813878974853,-37.56406314942622,-0.6092336933710385,0.0,0.0,1.0,0,0,0,-2.1079813878974853,-37.56406314942622,-0.6092336933710385,-2.1079813878974853,-37.56406314942622,-0.6092336933710385,37.62809577322431,1.0,0,0,0,0,0,0,0,0,0,0,software_compass,good,0,0,0,0
18100,181,0.0,0.0,1.0,0,0,0,17.266246357432962,34.134060853722374,-2.7840016669755503,0.0,0.0,1.0,0,0,0,17.266246357432962,34.134060853722374,-2.7840016669755503,17.266246357432962,34.134060853722374,-2.7840016669755503,38.35372262144722,1.0,0,0,0,0,0,0,0,0,0,0,software_compass,good,0,0,0,0
18200,182,0.0,0.0,1.0,0,0,0,-60.141799472735485,8.466245865244247,6.279290449919404,0.0,0.0,1.0,0,0,0,-60.141799472735485,8.466245865244247,6.279290449919404,-60.141799472735485,8.466245865244247,6.279290449919404,61.058519892181636,1.0,0,0,0,0,0,0,0,0,0,0,software_compass,good,0,0,0,0
18300,183,0.0,0.0,1.0,0,0,0,34.7826558853733,-25.446842641146116,-5.751951441695477,0.0,0.0,1.0,0,0,0,34.7826558853733,-25.446842641146116,-5.751951441695477,34.7826558853733,-25.446842641146116,-5.751951441695477,43.47941922601047,1.0,0,0,0,0,0,0,0,0,0,0,software_compass,good,0,0,0,0
18400,184,0.0,0.0,1.0,0,0,0,-27.681623410324924,50.256838572318195,2.0913427389812345,0.0,0.0,1.0,0,0,0,-27.681623410324924,50.256838572318195,2.0913427389812345,-27.681623410324924,50.256838572318195,2.0913427389812345,57.41424746843755,1.0,0,0,0,0,0,0,0,0,0,0,software_compass,good,0,0,0,0
18500,185,0.0,0.0,1.0,0,0,0,-30.418937984988847,-27.509908933991717,1.7249040980064336,0.0,0.0,1.0,0,0,0,-30.418937984988847,-27.509908933991717,1.7249040980064336,-30.418937984988847,-27.509908933991717,1.7249040980064336,41.049752396798134,1.0,0,0,0,0,0,0,0,0,0,0,software_compass,good,0,0,0,0
18600,186,0.0,0.0,1.0,0,0,0,36.23961803433676,11.437130614386508,-6.419693880816747,0.0,0.0,1.0,0,0,0,36.23961803433676,11.437130614386508,-6.419693880816747,36.23961803433676,11.437130614386508,-6.419693880816747,38.53998367265559,1.0,0,0,0,0,0,0,0,0,0,0,software_compass,good,0,0,0,0
18700,187,0.0,0.0,1.0,0,0,0,-59.24998130877615,31.782162460508253,5.126311624661394,0.0,0.0,1.0,0,0,0,-59.24998130877615,31.782162460508253,5.126311624661394,-59.24998130877615,31.782162460508253,5.126311624661394,67.43104037926155,1.0,0,0,0,0,0,0,0,0,0,0,software_compass,good,0,0,0,0
18800,188,0.0,0.0,1.0,0,0,0,15.023701732755164,-37.22348154537799,-4.592465321587612,0.0,0.0,1.0,0,0,0,15.023701732755164,-37.22348154537799,-4.592465321587612,15.023701732755164,-37.22348154537799,-4.592465321587612,40.402845566171095,1.0,0,0,0,0,0,0,0,0,0,0,software_compass,good,0,0,0,0
18900,189,0.0,0.0,1.0,0,0,0,1.113347319090101,44.194243027523605,-2.644501308778755,0.0,0.0,1.0,0,0,0,1.113347319090101,44.194243027523605,-2.644501308778755,1.113347319090101,44.194243027523605,-2.644501308778755,44.287289894515744,1.0,0,0,0,0,0,0,0,0,0,0,software_compass,good,0,0,0,0
19000,190,0.0,0.0,1.0,0,0,0,-52.57288451556959,-6.884009104408824,3.3702324976598392,0.0,0.0,1.0,0,0,0,-52.57288451556959,-6.884009104408824,3.3702324976598392,-52.57288451556959,-6.884009104408824,3.3702324976598392,53.12867619963143,1.0,0,0,0,0,0,0,0,0,0,0,software_compass,good,0,0,0,0
19100,191,0.0,0.0,1.0,0,0,0,40.64558059124228,-13.017292312974284,-8.286894908745722,0.0,0.0,1.0,0,0,0,40.64558059124228,-13.017292312974284,-8.286894908745722,40.64558059124228,-13.017292312974284,-8.286894908745722,43.476266490916466,1.0,0,0,0,0,0,0,0,0,0,0,software_compass,good,0,0,0,0
19200,192,0.0,0.0,1.0,0,0,0,-43.037833091177816,47.110915569556624,2.054742556476029,0.0,0.0,1.0,0,0,0,-43.037833091177816,47.110915569556624,2.054742556476029,-43.037833091177816,47.110915569556624,2.054742556476029,63.842896315560175,1.0,0,0,0,0,0,0,0,0,0,0,software_compass,good,0,0,0,0
19300,193,0.0,0.0,1.0,0,0,0,-12.750024561067573,-35.4637629710812,-2.373432039281811,0.0,0.0,1.0,0,0,0,-12.750024561067573,-35.4637629710812,-2.373432039281811,-12.750024561067573,-35.4637629710812,-2.373432039281811,37.760757275536015,1.0,0,0,0,0,0,0,0,0,0,0,software_compass,good,0,0,0,0
19400,194,0.0,0.0,1.0,0,0,0,26.397490073396717,26.163273748415932,-7.023023507171947,0.0,0.0,1.0,0,0,0,26.397490073396717,26.163273748415932,-7.023023507171947,26.397490073396717,26.163273748415932,-7.023023507171947,37.82416204745213,1.0,0,0,0,0,0,0,0,0,0,0,software_compass,good,0,0,0,0
19500,195,0.0,0.0,1.0,0,0,0,-61.53112783361342,17.846089470784726,3.4285872589860613,0.0,0.0,1.0,0,0,0,-61.53112783361342,17.846089470784726,3.4285872589860613,-61.53112783361342,17.846089470784726,3.4285872589860613,64.15853655179653,1.0,0,0,0,0,0,0,0,0,0,0,software_compass,good,0,0,0,0
19600,196,0.0,0.0,1.0,0,0,0,29.107195701467404,-31.549296421340955,-8.171621905226676,0.0,0.0,1.0,0,0,0,29.107195701467404,-31.549296421340955,-8.171621905226676,29.107195701467404,-31.549296421340955,-8.171621905226676,43.69625099304447,1.0,0,0,0,0,0,0,0,0,0,0,software_compass,good,0,0,0,0
19700,197,0.0,0.0,1.0,0,0,0,-16.517842923884785,49.601463284810414,-2.352238209350689,0.0,0.0,1.0,0,0,0,-16.517842923884785,49.601463284810414,-2.352238209350689,-16.517842923884785,49.601463284810414,-2.352238209350689,52.332373531553635,1.0,0,0,0,0,0,0,0,0,0,0,software_compass,good,0,0,0,0
19800,198,0.0,0.0,1.0,0,0,0,-39.771494354379584,-20.699872990789885,-0.16866130065762963,0.0,0.0,1.0,0,0,0,-39.771494354379584,-20.699872990789885,-0.16866130065762963,-39.771494354379584,-20.699872990789885,-0.16866130065762963,44.836201351693695,1.0,0,0,0,0,0,0,0,0,0,0,software_compass,good,0,0,0,0
19900,199,0.0,0.0,1.0,0,0,0,40.26138109262661,1.8016058973015259,-10.044677882279732,0.0,0.0,1.0,0,0,0,40.26138109262661,1.8016058973015259,-10.044677882279732,40.26138109262661,1.8016058973015259,-10.044677882279732,41.534565665884394,1.0,0,0,0,0,0,0,0,0,0,0,software_compass,good,0,0,0,0
20000,200,0.0,0.0,1.0,0,0,0,-54.4045147347472,38.9020853883274,1.500725963433247,0.0,0.0,1.0,0,0,0,-54.4045147347472,38.9020853883274,1.500725963433247,-54.4045147347472,38.9020853883274,1.500725963433247,66.89899587812484,1.0,0,0,0,0,0,0,0,0,0,0,software_compass,good,0,0,0,0
20100,201,0.0,0.0,1.0,0,0,0,5.277648407773848,-38.33245968880814,-6.485234002328905,0.0,0.0,1.0,0,0,0,5.277648407773848,-38.33245968880814,-6.485234002328905,5.277648407773848,-38.33245968880814,-6.485234002328905,39.233777521099626,1.0,0,0,0,0,0,0,0,0,0,0,software_compass,good,0,0,0,0
20200,202,0.0,0.0,1.0,0,0,0,12.034968881644321,38.44582308233398,-7.088902824770849,0.0,0.0,1.0,0,0,0,12.034968881644321,38.44582308233398,-7.088902824770849,12.034968881644321,38.44582308233398,-7.088902824770849,40.904453690512916,1.0,0,0,0,0,0,0,0,0,0,0,software_compass,good,0,0,0,0
20300,203,0.0,0.0,1.0,0,0,0,-57.49713660826767,2.431357411262663,0.9508311574786088,0.0,0.0,1.0,0,0,0,-57.49713660826767,2.431357411262663,0.9508311574786088,-57.49713660826767,2.431357411262663,0.9508311574786088,57.55637494579665,1.0,0,0,0,0,0,0,0,0,0,0,software_compass,good,0,0,0,0
20400,204,0.0,0.0,1.0,0,0,0,38.388442924952834,-21.247953183252864,-11.136712836395546,0.0,0.0,1.0,0,0,0,38.388442924952834,-21.247953183252864,-11.136712836395546,38.388442924952834,-21.247953183252864,-11.136712836395546,45.26780795974557,1.0,0,0,0,0,0,0,0,0,0,0,software_compass,good,0,0,0,0
20500,205,0.0,0.0,1.0,0,0,0,-33.37538126283461,49.65627895204538,-2.1863947452017873,0.0,0.0,1.0,0,0,0,-33.37538126283461,49.65627895204538,-2.1863947452017873,-33.37538126283461,49.65627895204538,-2.1863947452017873,59.870213259890456,1.0,0,0,0,0,0,0,0,0,0,0,software_compass,good,0,0,0,0
20600,206,0.0,0.0,1.0,0,0,0,-23.309467827205303,-31.241586195157034,-4.135055065166209,0.0,0.0,1.0,0,0,0,-23.309467827205303,-31.241586195157034,-4.135055065166209,-23.309467827205303,-31.241586195157034,-4.135055065166209,39.19778920766964,1.0,0,0,0,0,0,0,0,0,0,0,software_compass,good,0,0,0,0
20700,207,0.0,0.0,1.0,0,0,0,33.69935076235532,17.139706720646906,-11.044922738281052,0.0,0.0,1.0,0,0,0,33.69935076235532,17.139706720646906,-11.044922738281052,33.69935076235532,17.139706720646906,-11.044922738281052,39.3878928932311,1.0,0,0,0,0,0,0,0,0,0,0,software_compass,good,0,0,0,0
20800,208,0.0,0.0,1.0,0,0,0,-60.311911327776315,26.652559185189446,0.25590563478385775,0.0,0.0,1.0,0,0,0,-60.311911327776315,26.652559185189446,0.25590563478385775,-60.311911327776315,26.652559185189446,0.25590563478385775,65.93899488787719,1.0,0,0,0,0,0,0,0,0,0,0,software_compass,good,0,0,0,0
20900,209,0.0,0.0,1.0,0,0,0,21.423941605037808,-35.75541681224046,-10.334783074926351,0.0,0.0,1.0,0,0,0,21.423941605037808,-35.75541681224046,-10.334783074926351,21.423941605037808,-35.75541681224046,-10.334783074926351,42.94464863657522,1.0,0,0,0,0,0,0,0,0,0,0,software_compass,good,0,0,0,0
21000,210,0.0,0.0,1.0,0,0,0,-5.009210966847819,46.72990002632143,-6.851157860289062,0.0,0.0,1.0,0,0,0,-5.009210966847819,46.72990002632143,-6.851157860289062,-5.009210966847819,46.72990002632143,-6.851157860289062,47.49435877035277,1.0,0,0,0,0,0,0,0,0,0,0,software_compass,good,0,0,0,0
21100,211,0.0,0.0,1.0,0,0,0,-47.62345467335855,-12.526163500866659,-2.2373423997697066,0.0,0.0,1.0,0,0,0,-47.62345467335855,-12.526163500866659,-2.2373423997697066,-47.62345467335855,-12.526163500866659,-2.2373423997697066,49.294055504590894,1.0,0,0,0,0,0,0,0,0,0,0,software_compass,good,0,0,0,0
21200,212,0.0,0.0,1.0,0,0,0,41.73087075338718,-7.623666708577245,-13.356722306992667,0.0,0.0,1.0,0,0,0,41.73087075338718,-7.623666708577245,-13.356722306992667,41.73087075338718,-7.623666708577245,-13.356722306992667,44.47457586875326,1.0,0,0,0,0,0,0,0,0,0,0,software_compass,good,0,0,0,0
21300,213,0.0,0.0,1.0,0,0,0,-47.30523595077521,44.349039238959264,-2.4100799233135963,0.0,0.0,1.0,0,0,0,-47.30523595077521,44.349039238959264,-2.4100799233135963,-47.30523595077521,44.349039238959264,-2.4100799233135963,64.88783487691683,1.0,0,0,0,0,0,0,0,0,0,0,software_compass,good,0,0,0,0
21400,214,0.0,0.0,1.0,0,0,0,-5.231506831753138,-37.19075470643177,-8.271381178294504,0.0,0.0,1.0,0,0,0,-5.231506831753138,-37.19075470643177,-8.271381178294504,-5.231506831753138,-37.19075470643177,-8.271381178294504,38.45694535400987,1.0,0,0,0,0,0,0,0,0,0,0,software_compass,good,0,0,0,0
21500,215,0.0,0.0,1.0,0,0,0,21.825350157190922,31.059608374476294,-11.40493038696425,0.0,0.0,1.0,0,0,0,21.825350157190922,31.059608374476294,-11.40493038696425,21.825350157190922,31.059608374476294,-11.40493038696425,39.63732608276361,1.0,0,0,0,0,0,0,0,0,0,0,software_compass,good,0,0,0,0
21600,216,0.0,0.0,1.0,0,0,0,-59.994301434140255,11.905289226544888,-1.764021021499698,0.0,0.0,1.0,0,0,0,-59.994301434140255,11.905289226544888,-1.764021021499698,-59.994301434140255,11.905289226544888,-1.764021021499698,61.18957334630192,1.0,0,0,0,0,0,0,0,0,0,0,software_compass,good,0,0,0,0
21700,217,0.0,0.0,1.0,0,0,0,33.69233758826847,-28.074165796891002,-13.680301681315635,0.0,0.0,1.0,0,0,0,33.69233758826847,-28.074165796891002,-13.680301681315635,33.69233758826847,-28.074165796891002,-13.680301681315635,45.93999402965765,1.0,0,0,0,0,0,0,0,0,0,0,software_compass,good,0,0,0,0
21800,218,0.0,0.0,1.0,0,0,0,-22.55224339510872,49.97723088478078,-6.582549942060414,0.0,0.0,1.0,0,0,0,-22.55224339510872,49.97723088478078,-6.582549942060414,-22.55224339510872,49.97723088478078,-6.582549942060414,55.223701911431384,1.0,0,0,0,0,0,0,0,0,0,0,software_compass,good,0,0,0,0
21900,219,0.0,0.0,1.0,0,0,0,-33.13746841600228,-25.151775994326698,-5.974856984513011,0.0,0.0,1.0,0,0,0,-33.13746841600228,-25.151775994326698,-5.974856984513011,-33.13746841600228,-25.151775994326698,-5.974856984513011,42.02859222809778,1.0,0,0,0,0,0,0,0,0,0,0,software_compass,good,0,0,0,0
22000,220,0.0,0.0,1.0,0,0,0,38.76477663921115,7.5931705044781905,-14.796828310165772,0.0,0.0,1.0,0,0,0,38.76477663921115,7.5931705044781905,-14.796828310165772,38.76477663921115,7.5931705044781905,-14.796828310165772,42.18187139327191,1.0,0,0,0,0,0,0,0,0,0,0,software_compass,good,0,0,0,0
22100,221,0.0,0.0,1.0,0,0,0,-56.53448243962216,34.36088072532141,-3.2357394257277674,0.0,0.0,1.0,0,0,0,-56.53448243962216,34.36088072532141,-3.2357394257277674,-56.53448243962216,34.36088072532141,-3.2357394257277674,66.23660497464314,1.0,0,0,0,0,0,0,0,0,0,0,software_compass,good,0,0,0,0
22200,222,0.0,0.0,1.0,0,0,0,12.21396463609901,-37.82340840573831,-12.298740649903282,0.0,0.0,1.0,0,0,0,12.21396463609901,-37.82340840573831,-12.298740649903282,12.21396463609901,-37.82340840573831,-12.298740649903282,41.60589113494309,1.0,0,0,0,0,0,0,0,0,0,0,software_compass,good,0,0,0,0
22300,223,0.0,0.0,1.0,0,0,0,6.187242403429803,41.81140971216994,-11.324169302963881,0.0,0.0,1.0,0,0,0,6.187242403429803,41.81140971216994,-11.324169302963881,6.187242403429803,41.81140971216994,-11.324169302963881,43.75743092412908,1.0,0,0,0,0,0,0,0,0,0,0,software_compass,good,0,0,0,0
22400,224,0.0,0.0,1.0,0,0,0,-53.48981607516509,-3.4794711424394897,-4.543296221922469,0.0,0.0,1.0,0,0,0,-53.48981607516509,-3.4794711424394897,-4.543296221922469,-53.48981607516509,-3.4794711424394897,-4.543296221922469,53.79506188997456,1.0,0,0,0,0,0,0,0,0,0,0,software_compass,good,0,0,0,0
22500,225,0.0,0.0,1.0,0,0,0,40.59200685456966,-16.286441124103707,-16.34568304720507,0.0,0.0,1.0,0,0,0,40.59200685456966,-16.286441124103707,-16.34568304720507,40.59200685456966,-16.286441124103707,-16.34568304720507,46.69197510547197,1.0,0,0,0,0,0,0,0,0,0,0,software_compass,good,0,0,0,0
22600,226,0.0,0.0,1.0,0,0,0,-38.354726076714755,47.8017193641112,-6.558860041565683,0.0,0.0,1.0,0,0,0,-38.354726076714755,47.8017193641112,-6.558860041565683,-38.354726076714755,47.8017193641112,-6.558860041565683,61.63690478625539,1.0,0,0,0,0,0,0,0,0,0,0,software_compass,good,0,0,0,0
22700,227,0.0,0.0,1.0,0,0,0,-15.855709974900691,-33.87820883481266,-10.0305239883346,0.0,0.0,1.0,0,0,0,-15.855709974900691,-33.87820883481266,-10.0305239883346,-15.855709974900691,-33.87820883481266,-10.0305239883346,38.72657981469445,1.0,0,0,0,0,0,0,0,0,0,0,software_compass,good,0,0,0,0
22800,228,0.0,0.0,1.0,0,0,0,29.934190801787302,22.474342265535302,-15.522762812368349,0.0,0.0,1.0,0,0,0,29.934190801787302,22.474342265535302,-15.522762812368349,29.934190801787302,22.474342265535302,-15.522762812368349,40.52293183563203,1.0,0,0,0,0,0,0,0,0,0,0,software_compass,good,0,0,0,0
22900,229,0.0,0.0,1.0,0,0,0,-59.90332377316852,20.972487909433767,-4.797365643592076,0.0,0.0,1.0,0,0,0,-59.90332377316852,20.972487909433767,-4.797365643592076,-59.90332377316852,20.972487909433767,-4.797365643592076,63.64957317455255,1.0,0,0,0,0,0,0,0,0,0,0,software_compass,good,0,0,0,0
23000,230,0.0,0.0,1.0,0,0,0,26.87081577321726,-33.103485511166966,-15.953610525625571,0.0,0.0,1.0,0,0,0,26.87081577321726,-33.103485511166966,-15.953610525625571,26.87081577321726,-33.103485511166966,-15.953610525625571,45.52361125953843,1.0,0,0,0,0,0,0,0,0,0,0,software_compass,good,0,0,0,0
23100,231,0.0,0.0,1.0,0,0,0,-11.190566529787258,48.06207844781637,-11.057815910111334,0.0,0.0,1.0,0,0,0,-11.190566529787258,48.06207844781637,-11.057815910111334,-11.190566529787258,48.06207844781637,-11.057815910111334,50.57140947890973,1.0,0,0,0,0,0,0,0,0,0,0,software_compass,good,0,0,0,0
23200,232,0.0,0.0,1.0,0,0,0,-41.63277655115748,-17.56964838569871,-7.968502442482086,0.0,0.0,1.0,0,0,0,-41.63277655115748,-17.56964838569871,-7.968502442482086,-41.63277655115748,-17.56964838569871,-7.968502442482086,45.88548418543206,1.0,0,0,0,0,0,0,0,0,0,0,software_compass,good,0,0,0,0
23300,233,0.0,0.0,1.0,0,0,0,41.33189805580297,-1.9127427078648855,-18.24339729313404,0.0,0.0,1.0,0,0,0,41.33189805580297,-1.9127427078648855,-18.24339729313404,41.33189805580297,-1.9127427078648855,-18.24339729313404,45.219530364179036,1.0,0,0,0,0,0,0,0,0,0,0,software_compass,good,0,0,0,0
23400,234,0.0,0.0,1.0,0,0,0,-50.41513093857829,40.51768412457009,-7.022640029679457,0.0,0.0,1.0,0,0,0,-50.41513093857829,40.51768412457009,-7.022640029679457,-50.41513093857829,40.51768412457009,-7.022640029679457,65.05909334873095,1.0,0,0,0,0,0,0,0,0,0,0,software_compass,good,0,0,0,0
23500,235,0.0,0.0,1.0,0,0,0,2.0572448017732388,-37.65030009189429,-14.133707585561464,0.0,0.0,1.0,0,0,0,2.0572448017732388,-37.65030009189429,-14.133707585561464,2.0572448017732388,-37.65030009189429,-14.133707585561464,40.268337975365654,1.0,0,0,0,0,0,0,0,0,0,0,software_compass,good,0,0,0,0
23600,236,0.0,0.0,1.0,0,0,0,16.434987814391423,35.14804464796741,-15.691736737403303,0.0,0.0,1.0,0,0,0,16.434987814391423,35.14804464796741,-15.691736737403303,16.434987814391423,35.14804464796741,-15.691736737403303,41.85360759684495,1.0,0,0,0,0,0,0,0,0,0,0,software_compass,good,0,0,0,0
23700,237,0.0,0.0,1.0,0,0,0,-57.01466850926555,5.89303356279122,-7.133251959367165,0.0,0.0,1.0,0,0,0,-57.01466850926555,5.89303356279122,-7.133251959367165,-57.01466850926555,5.89303356279122,-7.133251959367165,57.76057092264095,1.0,0,0,0,0,0,0,0,0,0,0,software_compass,good,0,0,0,0
23800,238,0.0,0.0,1.0,0,0,0,36.958105982268854,-23.68421637207789,-19.022399666978338,0.0,0.0,1.0,0,0,0,36.958105982268854,-23.68421637207789,-19.022399666978338,36.958105982268854,-23.68421637207789,-19.022399666978338,47.84031137070783,1.0,0,0,0,0,0,0,0,0,0,0,software_compass,good,0,0,0,0
23900,239,0.0,0.0,1.0,0,0,0,-28.07562893536495,49.068498214195245,-10.882932423015713,0.0,0.0,1.0,0,0,0,-28.07562893536495,49.068498214195245,-10.882932423015713,-28.07562893536495,49.068498214195245,-10.882932423015713,57.57079706966641,1.0,0,0,0,0,0,0,0,0,0,0,software_compass,good,0,0,0,0
24000,240,0.0,0.0,1.0,0,0,0,-25.93973728003926,-28.615670804339196,-11.843996609396264,0.0,0.0,1.0,0,0,0,-25.93973728003926,-28.615670804339196,-11.843996609396264,-25.93973728003926,-28.615670804339196,-11.843996609396264,40.39810442858872,1.0,0,0,0,0,0,0,0,0,0,0,software_compass,good,0,0,0,0
24100,241,0.0,0.0,1.0,0,0,0,35.92075013156442,13.20648163452839,-19.385494636131398,0.0,0.0,1.0,0,0,0,35.92075013156442,13.20648163452839,-19.385494636131398,35.92075013156442,13.20648163452839,-19.385494636131398,42.90115207619604,1.0,0,0,0,0,0,0,0,0,0,0,software_compass,good,0,0,0,0
24200,242,0.0,0.0,1.0,0,0,0,-57.23149991345003,29.094389078254103,-8.151525606743792,0.0,0.0,1.0,0,0,0,-57.23149991345003,29.094389078254103,-8.151525606743792,-57.23149991345003,29.094389078254103,-8.151525606743792,64.71765932029265,1.0,0,0,0,0,0,0,0,0,0,0,software_compass,good,0,0,0,0
24300,243,0.0,0.0,1.0,0,0,0,18.375497343288266,-36.06054453909111,-18.01014813054384,0.0,0.0,1.0,0,0,0,18.375497343288266,-36.06054453909111,-18.01014813054384,18.375497343288266,-36.06054453909111,-18.01014813054384,44.29883983529478,1.0,0,0,0,0,0,0,0,0,0,0,software_compass,good,0,0,0,0
24400,244,0.0,0.0,1.0,0,0,0,0.05280275588578931,44.04462609756493,-15.531179734302475,0.0,0.0,1.0,0,0,0,0.05280275588578931,44.04462609756493,-15.531179734302475,0.05280275588578931,44.04462609756493,-15.531179734302475,46.70277743501488,1.0,0,0,0,0,0,0,0,0,0,0,software_compass,good,0,0,0,0
24500,245,0.0,0.0,1.0,0,0,0,-48.28122586570956,-8.967446175627815,-10.181599833548193,0.0,0.0,1.0,0,0,0,-48.28122586570956,-8.967446175627815,-10.181599833548193,-48.28122586570956,-8.967446175627815,-10.181599833548193,50.15133933584379,1.0,0,0,0,0,0,0,0,0,0,0,software_compass,good,0,0,0,0
24600,246,0.0,0.0,1.0,0,0,0,41.301683593802274,-10.817407540459051,-21.369190346822034,0.0,0.0,1.0,0,0,0,41.301683593802274,-10.817407540459051,-21.369190346822034,41.301683593802274,-10.817407540459051,-21.369190346822034,47.7439804546882,1.0,0,0,0,0,0,0,0,0,0,0,software_compass,good,0,0,0,0
24700,247,0.0,0.0,1.0,0,0,0,-42.322596884051556,44.77094223765255,-11.06186620884054,0.0,0.0,1.0,0,0,0,-42.322596884051556,44.77094223765255,-11.06186620884054,-42.322596884051556,44.77094223765255,-11.06186620884054,62.59396424480111,1.0,0,0,0,0,0,0,0,0,0,0,software_compass,good,0,0,0,0
24800,248,0.0,0.0,1.0,0,0,0,-8.404866185574988,-35.27925786787544,-15.918263664488185,0.0,0.0,1.0,0,0,0,-8.404866185574988,-35.27925786787544,-15.918263664488185,-8.404866185574988,-35.27925786787544,-15.918263664488185,39.60629911261134,1.0,0,0,0,0,0,0,0,0,0,0,software_compass,good,0,0,0,0
24900,249,0.0,0.0,1.0,0,0,0,25.159736712135462,27.155470772379537,-19.88124724492214,0.0,0.0,1.0,0,0,0,25.159736712135462,27.155470772379537,-19.88124724492214,25.159736712135462,27.155470772379537,-19.88124724492214,42.02018486759977,1.0,0,0,0,0,0,0,0,0,0,0,software_compass,good,0,0,0,0
25000,250,0.0,0.0,1.0,0,0,0,-57.99508881418318,15.02324010107207,-10.035380931313444,0.0,0.0,1.0,0,0,0,-57.99508881418318,15.02324010107207,-10.035380931313444,-57.99508881418318,15.02324010107207,-10.035380931313444,60.744028020341425,1.0,0,0,0,0,0,0,0,0,0,0,software_compass,good,0,0,0,0
25100,251,0.0,0.0,1.0,0,0,0,31.10530603918661,-29.397366174023922,-21.418090110664465,0.0,0.0,1.0,0,0,0,31.10530603918661,-29.397366174023922,-21.418090110664465,31.10530603918661,-29.397366174023922,-21.418090110664465,47.85895721544346,1.0,0,0,0,0,0,0,0,0,0,0,software_compass,good,0,0,0,0
25200,252,0.0,0.0,1.0,0,0,0,-17.077076862420885,48.10064416499001,-15.308200337283886,0.0,0.0,1.0,0,0,0,-17.077076862420885,48.10064416499001,-15.308200337283886,-17.077076862420885,48.10064416499001,-15.308200337283886,53.28826813491349,1.0,0,0,0,0,0,0,0,0,0,0,software_compass,good,0,0,0,0
25300,253,0.0,0.0,1.0,0,0,0,-34.86403569320068,-21.751319563011393,-13.789536949359736,0.0,0.0,1.0,0,0,0,-34.86403569320068,-21.751319563011393,-13.789536949359736,-34.86403569320068,-21.751319563011393,-13.789536949359736,43.344806111306696,1.0,0,0,0,0,0,0,0,0,0,0,software_compass,good,0,0,0,0
25400,254,0.0,0.0,1.0,0,0,0,39.483325333876515,3.816847235391191,-22.952935021716122,0.0,0.0,1.0,0,0,0,39.483325333876515,3.816847235391191,-22.952935021716122,39.483325333876515,3.816847235391191,-22.952935021716122,45.82945044783071,1.0,0,0,0,0,0,0,0,0,0,0,software_compass,good,0,0,0,0
25500,255,0.0,0.0,1.0,0,0,0,-52.155021695341254,35.79457141890813,-11.807827357565653,0.0,0.0,1.0,0,0,0,-52.155021695341254,35.79457141890813,-11.807827357565653,-52.155021695341254,35.79457141890813,-11.807827357565653,64.34922235746838,1.0,0,0,0,0,0,0,0,0,0,0,software_compass,good,0,0,0,0
25600,256,0.0,0.0,1.0,0,0,0,8.767390820433452,-36.80581733870218,-19.917592503010134,0.0,0.0,1.0,0,0,0,8.767390820433452,-36.80581733870218,-19.917592503010134,8.767390820433452,-36.80581733870218,-19.917592503010134,42.75799133359863,1.0,0,0,0,0,0,0,0,0,0,0,software_compass,good,0,0,0,0
25700,257,0.0,0.0,1.0,0,0,0,10.529076313139306,38.1963842364917,-19.921790828036606,0.0,0.0,1.0,0,0,0,10.529076313139306,38.1963842364917,-19.921790828036606,10.529076313139306,38.1963842364917,-19.921790828036606,44.3475249201764,1.0,0,0,0,0,0,0,0,0,0,0,software_compass,good,0,0,0,0
25800,258,0.0,0.0,1.0,0,0,0,-52.68998644407497,0.11589620062221329,-12.665337872542928,0.0,0.0,1.0,0,0,0,-52.68998644407497,0.11589620062221329,-12.665337872542928,-52.68998644407497,0.11589620062221329,-12.665337872542928,54.19094838468684,1.0,0,0,0,0,0,0,0,0,0,0,software_compass,good,0,0,0,0
25900,259,0.0,0.0,1.0,0,0,0,38.74559599766796,-18.599876755838018,-24.179825744116886,0.0,0.0,1.0,0,0,0,38.74559599766796,-18.599876755838018,-24.179825744116886,38.74559599766796,-18.599876755838018,-24.179825744116886,49.313695841649555,1.0,0,0,0,0,0,0,0,0,0,0,software_compass,good,0,0,0,0
26000,260,0.0,0.0,1.0,0,0,0,-32.75508385699628,46.893769255470275,-15.293931055610955,0.0,0.0,1.0,0,0,0,-32.75508385699628,46.893769255470275,-15.293931055610955,-32.75508385699628,46.893769255470275,-15.293931055610955,59.210011320704275,1.0,0,0,0,0,0,0,0,0,0,0,software_compass,good,0,0,0,0
26100,261,0.0,0.0,1.0,0,0,0,-18.51113616156757,-30.897900487192786,-17.73427851273398,0.0,0.0,1.0,0,0,0,-18.51113616156757,-30.897900487192786,-17.73427851273398,-18.51113616156757,-30.897900487192786,-17.73427851273398,40.14781501994574,1.0,0,0,0,0,0,0,0,0,0,0,software_compass,good,0,0,0,0
26200,262,0.0,0.0,1.0,0,0,0,31.887525352194757,18.33668832504217,-23.831818447713992,0.0,0.0,1.0,0,0,0,31.887525352194757,18.33668832504217,-23.831818447713992,31.887525352194757,18.33668832504217,-23.831818447713992,43.829259431815665,1.0,0,0,0,0,0,0,0,0,0,0,software_compass,good,0,0,0,0
26300,263,0.0,0.0,1.0,0,0,0,-56.395704299217186,23.359095076610956,-13.257297289085166,0.0,0.0,1.0,0,0,0,-56.395704299217186,23.359095076610956,-13.257297289085166,-56.395704299217186,23.359095076610956,-13.257297289085166,62.46501995208261,1.0,0,0,0,0,0,0,0,0,0,0,software_compass,good,0,0,0,0
26400,264,0.0,0.0,1.0,0,0,0,23.455917089299945,-33.11731598936751,-23.582485648519025,0.0,0.0,1.0,0,0,0,23.455917089299945,-33.11731598936751,-23.582485648519025,23.455917089299945,-33.11731598936751,-23.582485648519025,46.936875633155815,1.0,0,0,0,0,0,0,0,0,0,0,software_compass,good,0,0,0,0
26500,265,0.0,0.0,1.0,0,0,0,-6.0156197480300175,44.99679807391764,-19.753896942364616,0.0,0.0,1.0,0,0,0,-6.0156197480300175,44.99679807391764,-19.753896942364616,-6.0156197480300175,44.99679807391764,-19.753896942364616,49.50874632090141,1.0,0,0,0,0,0,0,0,0,0,0,software_compass,good,0,0,0,0
26600,266,0.0,0.0,1.0,0,0,0,-42.08558395597586,-13.739075618140891,-15.93616783649486,0.0,0.0,1.0,0,0,0,-42.08558395597586,-13.739075618140891,-15.93616783649486,-42.08558395597586,-13.739075618140891,-15.93616783649486,47.052311538004375,1.0,0,0,0,0,0,0,0,0,0,0,software_compass,good,0,0,0,0
26700,267,0.0,0.0,1.0,0,0,0,40.48032573021993,-5.1256306744624975,-26.204397710981127,0.0,0.0,1.0,0,0,0,40.48032573021993,-5.1256306744624975,-26.204397710981127,40.48032573021993,-5.1256306744624975,-26.204397710981127,48.49329149924729,1.0,0,0,0,0,0,0,0,0,0,0,software_compass,good,0,0,0,0
26800,268,0.0,0.0,1.0,0,0,0,-45.00913568821214,40.69053313090964,-15.727613029125601,0.0,0.0,1.0,0,0,0,-45.00913568821214,40.69053313090964,-15.727613029125601,-45.00913568821214,40.69053313090964,-15.727613029125601,62.68093484841677,1.0,0,0,0,0,0,0,0,0,0,0,software_compass,good,0,0,0,0
26900,269,0.0,0.0,1.0,0,0,0,-1.3186662072106543,-35.346140492454545,-21.753511118993636,0.0,0.0,1.0,0,0,0,-1.3186662072106543,-35.346140492454545,-21.753511118993636,-1.3186662072106543,-35.346140492454545,-21.753511118993636,41.52473689600639,1.0,0,0,0,0,0,0,0,0,0,0,software_compass,good,0,0,0,0
27000,270,0.0,0.0,1.0,0,0,0,19.64002670548631,30.9102784238843,-24.154248549483896,0.0,0.0,1.0,0,0,0,19.64002670548631,30.9102784238843,-24.154248549483896,19.64002670548631,30.9102784238843,-24.154248549483896,43.87030526705402,1.0,0,0,0,0,0,0,0,0,0,0,software_compass,good,0,0,0,0
27100,271,0.0,0.0,1.0,0,0,0,-54.61456906844993,9.10925189767378,-15.452981946084918,0.0,0.0,1.0,0,0,0,-54.61456906844993,9.10925189767378,-15.452981946084918,-54.61456906844993,9.10925189767378,-15.452981946084918,57.48499174300878,1.0,0,0,0,0,0,0,0,0,0,0,software_compass,good,0,0,0,0
27200,272,0.0,0.0,1.0,0,0,0,33.902842020940184,-24.813373629038423,-26.701849356921162,0.0,0.0,1.0,0,0,0,33.902842020940184,-24.813373629038423,-26.701849356921162,33.902842020940184,-24.813373629038423,-26.701849356921162,49.78046772611521,1.0,0,0,0,0,0,0,0,0,0,0,software_compass,good,0,0,0,0
27300,273,0.0,0.0,1.0,0,0,0,-22.30920855036109,46.80069632423462,-19.646485488285244,0.0,0.0,1.0,0,0,0,-22.30920855036109,46.80069632423462,-19.646485488285244,-22.30920855036109,46.80069632423462,-19.646485488285244,55.443578118823964,1.0,0,0,0,0,0,0,0,0,0,0,software_compass,good,0,0,0,0
27400,274,0.0,0.0,1.0,0,0,0,-27.623408386302227,-24.827767897262145,-19.66160295916674,0.0,0.0,1.0,0,0,0,-27.623408386302227,-24.827767897262145,-19.66160295916674,-27.623408386302227,-24.827767897262145,-19.66160295916674,42.02439030563878,1.0,0,0,0,0,0,0,0,0,0,0,software_compass,good,0,0,0,0
27500,275,0.0,0.0,1.0,0,0,0,36.276898562801826,9.250255869726024,-27.49841843140978,0.0,0.0,1.0,0,0,0,36.276898562801826,9.250255869726024,-27.49841843140978,36.276898562801826,9.250255869726024,-27.49841843140978,46.45151901951228,1.0,0,0,0,0,0,0,0,0,0,0,software_compass,good,0,0,0,0
27600,276,0.0,0.0,1.0,0,0,0,-52.35311713265737,30.40084594100914,-16.78530142042425,0.0,0.0,1.0,0,0,0,-52.35311713265737,30.40084594100914,-16.78530142042425,-52.35311713265737,30.40084594100914,-16.78530142042425,62.82361539428633,1.0,0,0,0,0,0,0,0,0,0,0,software_compass,good,0,0,0,0
27700,277,0.0,0.0,1.0,0,0,0,14.552755784863017,-34.66812268474629,-25.58082536264879,0.0,0.0,1.0,0,0,0,14.552755784863017,-34.66812268474629,-25.58082536264879,14.552755784863017,-34.66812268474629,-25.58082536264879,45.47570843486464,1.0,0,0,0,0,0,0,0,0,0,0,software_compass,good,0,0,0,0
27800,278,0.0,0.0,1.0,0,0,0,4.446977657820124,39.99850172772127,-24.137765782756727,0.0,0.0,1.0,0,0,0,4.446977657820124,39.99850172772127,-24.137765782756727,4.446977657820124,39.99850172772127,-24.137765782756727,46.92853596411137,1.0,0,0,0,0,0,0,0,0,0,0,software_compass,good,0,0,0,0
27900,279,0.0,0.0,1.0,0,0,0,-47.174354371615635,-5.110444411553084,-18.339576263855438,0.0,0.0,1.0,0,0,0,-47.174354371615635,-5.110444411553084,-18.339576263855438,-47.174354371615635,-5.110444411553084,-18.339576263855438,50.87117464733948,1.0,0,0,0,0,0,0,0,0,0,0,software_compass,good,0,0,0,0
28000,280,0.0,0.0,1.0,0,0,0,38.94175202638545,-13.080887675187487,-29.14032352903111,0.0,0.0,1.0,0,0,0,38.94175202638545,-13.080887675187487,-29.14032352903111,38.94175202638545,-13.080887675187487,-29.14032352903111,50.365942149750076,1.0,0,0,0,0,0,0,0,0,0,0,software_compass,good,0,0,0,0
28100,281,0.0,0.0,1.0,0,0,0,-36.26858958231014,43.51997020708015,-19.85447151953197,0.0,0.0,1.0,0,0,0,-36.26858958231014,43.51997020708015,-19.85447151953197,-36.26858958231014,43.51997020708015,-19.85447151953197,60.02997948054876,1.0,0,0,0,0,0,0,0,0,0,0,software_compass,good,0,0,0,0
28200,282,0.0,0.0,1.0,0,0,0,-11.214264378764915,-31.836430518189495,-23.600454934209317,0.0,0.0,1.0,0,0,0,-11.214264378764915,-31.836430518189495,-23.600454934209317,-11.214264378764915,-31.836430518189495,-23.600454934209317,41.18615673740375,1.0,0,0,0,0,0,0,0,0,0,0,software_compass,good,0,0,0,0
28300,283,0.0,0.0,1.0,0,0,0,26.877697606909663,22.67690978302873,-28.16359332275689,0.0,0.0,1.0,0,0,0,26.877697606909663,22.67690978302873,-28.16359332275689,26.877697606909663,22.67690978302873,-28.16359332275689,45.05375516875078,1.0,0,0,0,0,0,0,0,0,0,0,software_compass,good,0,0,0,0
28400,284,0.0,0.0,1.0,0,0,0,-53.97703627119623,17.445961765706766,-18.557431397925157,0.0,0.0,1.0,0,0,0,-53.97703627119623,17.445961765706766,-18.557431397925157,-53.97703627119623,17.445961765706766,-18.557431397925157,59.684673800241505,1.0,0,0,0,0,0,0,0,0,0,0,software_compass,good,0,0,0,0
28500,285,0.0,0.0,1.0,0,0,0,27.16748624332501,-29.115524370036788,-28.98134140346314,0.0,0.0,1.0,0,0,0,27.16748624332501,-29.115524370036788,-28.98134140346314,27.16748624332501,-29.115524370036788,-28.98134140346314,49.25143873703129,1.0,0,0,0,0,0,0,0,0,0,0,software_compass,good,0,0,0,0
28600,286,0.0,0.0,1.0,0,0,0,-11.642832218335228,44.555530038339334,-24.038810396571726,0.0,0.0,1.0,0,0,0,-11.642832218335228,44.555530038339334,-24.038810396571726,-11.642832218335228,44.555530038339334,-24.038810396571726,51.94819731563347,1.0,0,0,0,0,0,0,0,0,0,0,software_compass,good,0,0,0,0
28700,287,0.0,0.0,1.0,0,0,0,-35.16843063570145,-17.505673316414402,-21.772849563376894,0.0,0.0,1.0,0,0,0,-35.16843063570145,-17.505673316414402,-21.772849563376894,-35.16843063570145,-17.505673316414402,-21.772849563376894,44.914631132278146,1.0,0,0,0,0,0,0,0,0,0,0,software_compass,good,0,0,0,0
28800,288,0.0,0.0,1.0,0,0,0,38.14333177324245,0.47498971461998174,-30.855058834093438,0.0,0.0,1.0,0,0,0,38.14333177324245,0.47498971461998174,-30.855058834093438,38.14333177324245,0.47498971461998174,-30.855058834093438,49.062959854130376,1.0,0,0,0,0,0,0,0,0,0,0,software_compass,good,0,0,0,0
28900,289,0.0,0.0,1.0,0,0,0,-46.17005008853398,35.734362983010286,-20.58489602224551,0.0,0.0,1.0,0,0,0,-46.17005008853398,35.734362983010286,-20.58489602224551,-46.17005008853398,35.734362983010286,-20.58489602224551,61.906026905511645,1.0,0,0,0,0,0,0,0,0,0,0,software_compass,good,0,0,0,0
29000,290,0.0,0.0,1.0,0,0,0,5.026125863698294,-34.020244948442226,-27.489905965123135,0.0,0.0,1.0,0,0,0,5.026125863698294,-34.020244948442226,-27.489905965123135,5.026125863698294,-34.020244948442226,-27.489905965123135,44.02651402871976,1.0,0,0,0,0,0,0,0,0,0,0,software_compass,good,0,0,0,0
29100,291,0.0,0.0,1.0,0,0,0,13.686483969391965,33.47717102905908,-28.381358962097764,0.0,0.0,1.0,0,0,0,13.686483969391965,33.47717102905908,-28.381358962097764,13.686483969391965,33.47717102905908,-28.381358962097764,45.973278761566945,1.0,0,0,0,0,0,0,0,0,0,0,software_compass,good,0,0,0,0
29200,292,0.0,0.0,1.0,0,0,0,-49.84323837257134,3.5584136652923806,-21.03826235206063,0.0,0.0,1.0,0,0,0,-49.84323837257134,3.5584136652923806,-21.03826235206063,-49.84323837257134,3.5584136652923806,-21.03826235206063,54.21825524740204,1.0,0,0,0,0,0,0,0,0,0,0,software_compass,good,0,0,0,0
29300,293,0.0,0.0,1.0,0,0,0,35.07053269259655,-19.573174943819772,-31.78265513277185,0.0,0.0,1.0,0,0,0,35.07053269259655,-19.573174943819772,-31.78265513277185,35.07053269259655,-19.573174943819772,-31.78265513277185,51.217073403432245,1.0,0,0,0,0,0,0,0,0,0,0,software_compass,good,0,0,0,0
29400,294,0.0,0.0,1.0,0,0,0,-26.51970575984655,44.16005269613975,-24.117533848577065,0.0,0.0,1.0,0,0,0,-26.51970575984655,44.16005269613975,-24.117533848577065,-26.51970575984655,44.16005269613975,-24.117533848577065,56.87759213127731,1.0,0,0,0,0,0,0,0,0,0,0,software_compass,good,0,0,0,0
29500,295,0.0,0.0,1.0,0,0,0,-20.25985484201987,-26.572643301971773,-25.540734517942003,0.0,0.0,1.0,0,0,0,-20.25985484201987,-26.572643301971773,-25.540734517942003,-20.25985484201987,-26.572643301971773,-25.540734517942003,42.058247823578384,1.0,0,0,0,0,0,0,0,0,0,0,software_compass,good,0,0,0,0
29600,296,0.0,0.0,1.0,0,0,0,31.858955591565348,14.05494239828083,-31.89970283492124,0.0,0.0,1.0,0,0,0,31.858955591565348,14.05494239828083,-31.89970283492124,31.858955591565348,14.05494239828083,-31.89970283492124,47.22420457943794,1.0,0,0,0,0,0,0,0,0,0,0,software_compass,good,0,0,0,0
29700,297,0.0,0.0,1.0,0,0,0,-50.874472394214834,24.60037942306045,-21.969967075612942,0.0,0.0,1.0,0,0,0,-50.874472394214834,24.60037942306045,-21.969967075612942,-50.874472394214834,24.60037942306045,-21.969967075612942,60.63060334890112,1.0,0,0,0,0,0,0,0,0,0,0,software_compass,good,0,0,0,0
29800,298,0.0,0.0,1.0,0,0,0,19.06641388839124,-31.292564621550483,-31.081369710898883,0.0,0.0,1.0,0,0,0,19.06641388839124,-31.292564621550483,-31.081369710898883,19.06641388839124,-31.292564621550483,-31.081369710898883,48.05001854591664,1.0,0,0,0,0,0,0,0,0,0,0,software_compass,good,0,0,0,0
29900,299,0.0,0.0,1.0,0,0,0,-1.4341782054465817,40.370483471556085,-28.386814414661217,0.0,0.0,1.0,0,0,0,-1.4341782054465817,40.370483471556085,-28.386814414661217,-1.4341782054465817,40.370483471556085,-28.386814414661217,49.372502827632495,1.0,0,0,0,0,0,0,0,0,0,0,software_compass,good,0,0,0,0
30000,300,0.0,0.0,1.0,0,0,0,-40.67600829335261,-9.45825969086405,-24.128581505065025,0.0,0.0,1.0,0,0,0,-40.67600829335261,-9.45825969086405,-24.128581505065025,-40.67600829335261,-9.45825969086405,-24.128581505065025,48.23053775884404,1.0,0,0,0,0,0,0,0,0,0,0,software_compass,good,0,0,0,0
30100,301,0.0,0.0,1.0,0,0,0,37.474557777216326,-7.426603271238566,-33.896884775644224,0.0,0.0,1.0,0,0,0,37.474557777216326,-7.426603271238566,-33.896884775644224,37.474557777216326,-7.426603271238566,-33.896884775644224,51.07343452558871,1.0,0,0,0,0,0,0,0,0,0,0,software_compass,good,0,0,0,0
30200,302,0.0,0.0,1.0,0,0,0,-38.29981778373909,39.05954384562527,-24.602512974654786,0.0,0.0,1.0,0,0,0,-38.29981778373909,39.05954384562527,-24.602512974654786,-38.29981778373909,39.05954384562527,-24.602512974654786,59.981727654044754,1.0,0,0,0,0,0,0,0,0,0,0,software_compass,good,0,0,0,0
30300,303,0.0,0.0,1.0,0,0,0,-4.444320610439094,-31.295840184515995,-29.39345588353279,0.0,0.0,1.0,0,0,0,-4.444320610439094,-31.295840184515995,-29.39345588353279,-4.444320610439094,-31.295840184515995,-29.39345588353279,43.16430061196785,1.0,0,0,0,0,0,0,0,0,0,0,software_compass,good,0,0,0,0
30400,304,0.0,0.0,1.0,0,0,0,21.156810789091292,25.913548128428232,-32.415119031362025,0.0,0.0,1.0,0,0,0,21.156810789091292,25.913548128428232,-32.415119031362025,21.156810789091292,25.913548128428232,-32.415119031362025,46.58178357670673,1.0,0,0,0,0,0,0,0,0,0,0,software_compass,good,0,0,0,0
30500,305,0.0,0.0,1.0,0,0,0,-49.969734602992816,11.682191517383892,-24.05067889182513,0.0,0.0,1.0,0,0,0,-49.969734602992816,11.682191517383892,-24.05067889182513,-49.969734602992816,11.682191517383892,-24.05067889182513,56.67347818953815,1.0,0,0,0,0,0,0,0,0,0,0,software_compass,good,0,0,0,0
30600,306,0.0,0.0,1.0,0,0,0,29.233919833018255,-24.222791199797946,-34.17397563308525,0.0,0.0,1.0,0,0,0,29.233919833018255,-24.222791199797946,-34.17397563308525,29.233919833018255,-24.222791199797946,-34.17397563308525,51.08058626213144,1.0,0,0,0,0,0,0,0,0,0,0,software_compass,good,0,0,0,0
30700,307,0.0,0.0,1.0,0,0,0,-16.426099987720978,42.638684060262314,-28.435592416743695,0.0,0.0,1.0,0,0,0,-16.426099987720978,42.638684060262314,-28.435592416743695,-16.426099987720978,42.638684060262314,-28.435592416743695,53.81874260226307,1.0,0,0,0,0,0,0,0,0,0,0,software_compass,good,0,0,0,0
30800,308,0.0,0.0,1.0,0,0,0,-27.846583923282434,-19.976695031101727,-27.65122119712445,0.0,0.0,1.0,0,0,0,-27.846583923282434,-19.976695031101727,-27.65122119712445,-27.846583923282434,-19.976695031101727,-27.65122119712445,44.03510661113881,1.0,0,0,0,0,0,0,0,0,0,0,software_compass,good,0,0,0,0
30900,309,0.0,0.0,1.0,0,0,0,34.3528338036002,5.637707393068689,-35.330830551111454,0.0,0.0,1.0,0,0,0,34.3528338036002,5.637707393068689,-35.330830551111454,34.3528338036002,5.637707393068689,-35.330830551111454,49.600085911407334,1.0,0,0,0,0,0,0,0,0,0,0,software_compass,good,0,0,0,0
31000,310,0.0,0.0,1.0,0,0,0,-45.577495347620705,30.12194530592269,-25.660229735754292,0.0,0.0,1.0,0,0,0,-45.577495347620705,30.12194530592269,-25.660229735754292,-45.577495347620705,30.12194530592269,-25.660229735754292,60.35799086506337,1.0,0,0,0,0,0,0,0,0,0,0,software_compass,good,0,0,0,0
31100,311,0.0,0.0,1.0,0,0,0,10.229899547105461,-31.27615892757855,-33.07849592483961,0.0,0.0,1.0,0,0,0,10.229899547105461,-31.27615892757855,-33.07849592483961,10.229899547105461,-31.27615892757855,-33.07849592483961,46.658716813224196,1.0,0,0,0,0,0,0,0,0,0,0,software_compass,good,0,0,0,0
31200,312,0.0,0.0,1.0,0,0,0,7.659947987496672,34.59695932529405,-32.608191109568786,0.0,0.0,1.0,0,0,0,7.659947987496672,34.59695932529405,-32.608191109568786,7.659947987496672,34.59695932529405,-32.608191109568786,48.155150556979535,1.0,0,0,0,0,0,0,0,0,0,0,software_compass,good,0,0,0,0
31300,313,0.0,0.0,1.0,0,0,0,-43.811102546436146,-1.2717040923682896,-26.773211945256925,0.0,0.0,1.0,0,0,0,-43.811102546436146,-1.2717040923682896,-26.773211945256925,-43.811102546436146,-1.2717040923682896,-26.773211945256925,51.35985606968285,1.0,0,0,0,0,0,0,0,0,0,0,software_compass,good,0,0,0,0
31400,314,0.0,0.0,1.0,0,0,0,34.436143463842036,-13.943670954058508,-36.64106681663059,0.0,0.0,1.0,0,0,0,34.436143463842036,-13.943670954058508,-36.64106681663059,34.436143463842036,-13.943670954058508,-36.64106681663059,52.1808558170346,1.0,0,0,0,0,0,0,0,0,0,0,software_compass,good,0,0,0,0
31500,315,0.0,0.0,1.0,0,0,0,-29.32257567514236,40.21209640498084,-28.76828383409004,0.0,0.0,1.0,0,0,0,-29.32257567514236,40.21209640498084,-28.76828383409004,-29.32257567514236,40.21209640498084,-28.76828383409004,57.484261291823955,1.0,0,0,0,0,0,0,0,0,0,0,software_compass,good,0,0,0,0
31600,316,0.0,0.0,1.0,0,0,0,-13.170024011689037,-26.765600271618034,-31.377177732191956,0.0,0.0,1.0,0,0,0,-13.170024011689037,-26.765600271618034,-31.377177732191956,-13.170024011689037,-26.765600271618034,-31.377177732191956,43.294043156144106,1.0,0,0,0,0,0,0,0,0,0,0,software_compass,good,0,0,0,0
31700,317,0.0,0.0,1.0,0,0,0,26.425791590103934,17.871389178861037,-36.18290534392609,0.0,0.0,1.0,0,0,0,26.425791590103934,17.871389178861037,-36.18290534392609,26.425791590103934,17.871389178861037,-36.18290534392609,48.23807263431484,1.0,0,0,0,0,0,0,0,0,0,0,software_compass,good,0,0,0,0
31800,318,0.0,0.0,1.0,0,0,0,-47.60828598704266,18.701930459288864,-27.373512915307266,0.0,0.0,1.0,0,0,0,-47.60828598704266,18.701930459288864,-27.373512915307266,-47.60828598704266,18.701930459288864,-27.373512915307266,58.013966480948476,1.0,0,0,0,0,0,0,0,0,0,0,software_compass,good,0,0,0,0
31900,319,0.0,0.0,1.0,0,0,0,21.94604568573448,-26.772049142283578,-36.37553334274214,0.0,0.0,1.0,0,0,0,21.94604568573448,-26.772049142283578,-36.37553334274214,21.94604568573448,-26.772049142283578,-36.37553334274214,50.21504717199952,1.0,0,0,0,0,0,0,0,0,0,0,software_compass,good,0,0,0,0
32000,320,0.0,0.0,1.0,0,0,0,-6.690820044736277,39.13735731484741,-32.721707610416814,0.0,0.0,1.0,0,0,0,-6.690820044736277,39.13735731484741,-32.721707610416814,-6.690820044736277,39.13735731484741,-32.721707610416814,51.45104429846584,1.0,0,0,0,0,0,0,0,0,0,0,software_compass,good,0,0,0,0
32100,321,0.0,0.0,1.0,0,0,0,-33.4545368834112,-12.574870355378106,-29.998547859109493,0.0,0.0,1.0,0,0,0,-33.4545368834112,-12.574870355378106,-29.998547859109493,-33.4545368834112,-12.574870355378106,-29.998547859109493,46.66097165933614,1.0,0,0,0,0,0,0,0,0,0,0,software_compass,good,0,0,0,0
32200,322,0.0,0.0,1.0,0,0,0,34.29906617553705,-1.9813110347599183,-38.44607508711521,0.0,0.0,1.0,0,0,0,34.29906617553705,-1.9813110347599183,-38.44607508711521,34.29906617553705,-1.9813110347599183,-38.44607508711521,51.56018060028914,1.0,0,0,0,0,0,0,0,0,0,0,software_compass,good,0,0,0,0
32300,323,0.0,0.0,1.0,0,0,0,-38.519505360111594,33.66439231383468,-29.577358704970177,0.0,0.0,1.0,0,0,0,-38.519505360111594,33.66439231383468,-29.577358704970177,-38.519505360111594,33.66439231383468,-29.577358704970177,59.09199396711802,1.0,0,0,0,0,0,0,0,0,0,0,software_compass,good,0,0,0,0
32400,324,0.0,0.0,1.0,0,0,0,1.3574670037389165,-29.152007405845794,-35.058657655496894,0.0,0.0,1.0,0,0,0,1.3574670037389165,-29.152007405845794,-35.058657655496894,1.3574670037389165,-29.152007405845794,-35.058657655496894,45.61569608218271,1.0,0,0,0,0,0,0,0,0,0,0,software_compass,good,0,0,0,0
32500,325,0.0,0.0,1.0,0,0,0,15.04354956096574,27.70922743435025,-36.62732681774618,0.0,0.0,1.0,0,0,0,15.04354956096574,27.70922743435025,-36.62732681774618,15.04354956096574,27.70922743435025,-36.62732681774618,48.328777536947584,1.0,0,0,0,0,0,0,0,0,0,0,software_compass,good,0,0,0,0
32600,326,0.0,0.0,1.0,0,0,0,-44.397743175262335,6.440722190615398,-29.731890197055012,0.0,0.0,1.0,0,0,0,-44.397743175262335,6.440722190615398,-29.731890197055012,-44.397743175262335,6.440722190615398,-29.731890197055012,53.82032883662989,1.0,0,0,0,0,0,0,0,0,0,0,software_compass,good,0,0,0,0
32700,327,0.0,0.0,1.0,0,0,0,29.367535634378136,-18.64837918410796,-39.12650523409708,0.0,0.0,1.0,0,0,0,29.367535634378136,-18.64837918410796,-39.12650523409708,29.367535634378136,-18.64837918410796,-39.12650523409708,52.35549261791515,1.0,0,0,0,0,0,0,0,0,0,0,software_compass,good,0,0,0,0
32800,328,0.0,0.0,1.0,0,0,0,-19.915884677496813,39.177379257905464,-32.999551902472724,0.0,0.0,1.0,0,0,0,-19.915884677496813,39.177379257905464,-32.999551902472724,-19.915884677496813,39.177379257905464,-32.999551902472724,54.95889312721923,1.0,0,0,0,0,0,0,0,0,0,0,software_compass,good,0,0,0,0
32900,329,0.0,0.0,1.0,0,0,0,-20.492685940667336,-20.838016400941026,-33.523900937532076,0.0,0.0,1.0,0,0,0,-20.492685940667336,-20.838016400941026,-33.523900937532076,-20.492685940667336,-20.838016400941026,-33.523900937532076,44.47499340818587,1.0,0,0,0,0,0,0,0,0,0,0,software_compass,good,0,0,0,0
33000,330,0.0,0.0,1.0,0,0,0,29.203411952183743,9.96809843437244,-39.64561678910045,0.0,0.0,1.0,0,0,0,29.203411952183743,9.96809843437244,-39.64561678910045,29.203411952183743,9.96809843437244,-39.64561678910045,50.23919970137353,1.0,0,0,0,0,0,0,0,0,0,0,software_compass,good,0,0,0,0
33100,331,0.0,0.0,1.0,0,0,0,-42.992913056381425,24.117359609671805,-30.981171125047027,0.0,0.0,1.0,0,0,0,-42.992913056381425,24.117359609671805,-30.981171125047027,-42.992913056381425,24.117359609671805,-30.981171125047027,58.222595028865285,1.0,0,0,0,0,0,0,0,0,0,0,software_compass,good,0,0,0,0
33200,332,0.0,0.0,1.0,0,0,0,13.843951523059708,-27.10358415893905,-38.464423672555384,0.0,0.0,1.0,0,0,0,13.843951523059708,-27.10358415893905,-38.464423672555384,13.843951523059708,-27.10358415893905,-38.464423672555384,49.0486611080808,1.0,0,0,0,0,0,0,0,0,0,0,software_compass,good,0,0,0,0
33300,333,0.0,0.0,1.0,0,0,0,1.9812434474649763,33.98605111439589,-36.887828667674704,0.0,0.0,1.0,0,0,0,1.9812434474649763,33.98605111439589,-36.887828667674704,1.9812434474649763,33.98605111439589,-36.887828667674704,50.196502863886614,1.0,0,0,0,0,0,0,0,0,0,0,software_compass,good,0,0,0,0
33400,334,0.0,0.0,1.0,0,0,0,-36.684006811236515,-4.9723741639928996,-32.635138514822046,0.0,0.0,1.0,0,0,0,-36.684006811236515,-4.9723741639928996,-32.635138514822046,-36.684006811236515,-4.9723741639928996,-32.635138514822046,49.35071556153176,1.0,0,0,0,0,0,0,0,0,0,0,software_compass,good,0,0,0,0
33500,335,0.0,0.0,1.0,0,0,0,31.816754237435852,-8.240559645592041,-41.25663006829019,0.0,0.0,1.0,0,0,0,31.816754237435852,-8.240559645592041,-41.25663006829019,31.816754237435852,-8.240559645592041,-41.25663006829019,52.747722207406255,1.0,0,0,0,0,0,0,0,0,0,0,software_compass,good,0,0,0,0
33600,336,0.0,0.0,1.0,0,0,0,-30.27864080206247,35.0075156197186,-33.652065530634665,0.0,0.0,1.0,0,0,0,-30.27864080206247,35.0075156197186,-33.652065530634665,-30.27864080206247,35.0075156197186,-33.652065530634665,57.225726322723894,1.0,0,0,0,0,0,0,0,0,0,0,software_compass,good,0,0,0,0
33700,337,0.0,0.0,1.0,0,0,0,-6.816852654736319,-25.160100094739057,-37.11292729876942,0.0,0.0,1.0,0,0,0,-6.816852654736319,-25.160100094739057,-37.11292729876942,-6.816852654736319,-25.160100094739057,-37.11292729876942,45.35272306683932,1.0,0,0,0,0,0,0,0,0,0,0,software_compass,good,0,0,0,0
33800,338,0.0,0.0,1.0,0,0,0,20.214289848144706,20.28350819868614,-40.37943729925146,0.0,0.0,1.0,0,0,0,20.214289848144706,20.28350819868614,-40.37943729925146,20.214289848144706,20.28350819868614,-40.37943729925146,49.50290067779012,1.0,0,0,0,0,0,0,0,0,0,0,software_compass,good,0,0,0,0
33900,339,0.0,0.0,1.0,0,0,0,-42.432806514008554,13.069266262278386,-33.00863647121142,0.0,0.0,1.0,0,0,0,-42.432806514008554,13.069266262278386,-33.00863647121142,-42.432806514008554,13.069266262278386,-33.00863647121142,55.32557158293264,1.0,0,0,0,0,0,0,0,0,0,0,software_compass,good,0,0,0,0
34000,340,0.0,0.0,1.0,0,0,0,22.770028807290316,-21.219913898502135,-41.41250387839644,0.0,0.0,1.0,0,0,0,22.770028807290316,-21.219913898502135,-41.41250387839644,22.770028807290316,-21.219913898502135,-41.41250387839644,51.80496535297437,1.0,0,0,0,0,0,0,0,0,0,0,software_compass,good,0,0,0,0
34100,341,0.0,0.0,1.0,0,0,0,-10.8238966606292,36.09538279320829,-37.20460558450439,0.0,0.0,1.0,0,0,0,-10.8238966606292,36.09538279320829,-37.20460558450439,-10.8238966606292,36.09538279320829,-37.20460558450439,52.954849396507136,1.0,0,0,0,0,0,0,0,0,0,0,software_compass,good,0,0,0,0
34200,342,0.0,0.0,1.0,0,0,0,-25.817130657095447,-14.043292510130389,-35.90947268598892,0.0,0.0,1.0,0,0,0,-25.817130657095447,-14.043292510130389,-35.90947268598892,-25.817130657095447,-14.043292510130389,-35.90947268598892,46.40289353560192,1.0,0,0,0,0,0,0,0,0,0,0,software_compass,good,0,0,0,0
34300,343,0.0,0.0,1.0,0,0,0,29.35939351160213,2.8467015552306196,-42.78350640418496,0.0,0.0,1.0,0,0,0,29.35939351160213,2.8467015552306196,-42.78350640418496,29.35939351160213,2.8467015552306196,-42.78350640418496,51.96639411533759,1.0,0,0,0,0,0,0,0,0,0,0,software_compass,good,0,0,0,0
34400,344,0.0,0.0,1.0,0,0,0,-36.530810959593836,27.511716932020605,-34.826413708857366,0.0,0.0,1.0,0,0,0,-36.530810959593836,27.511716932020605,-34.826413708857366,-36.530810959593836,27.511716932020605,-34.826413708857366,57.48281316823054,1.0,0,0,0,0,0,0,0,0,0,0,software_compass,good,0,0,0,0
34500,345,0.0,0.0,1.0,0,0,0,5.661469869820822,-25.24903311733633,-40.53045140639842,0.0,0.0,1.0,0,0,0,5.661469869820822,-25.24903311733633,-40.53045140639842,5.661469869820822,-25.24903311733633,-40.53045140639842,48.086208060665996,1.0,0,0,0,0,0,0,0,0,0,0,software_compass,good,0,0,0,0
34600,346,0.0,0.0,1.0,0,0,0,8.914628926365012,27.651853937706314,-40.84868050436666,0.0,0.0,1.0,0,0,0,8.914628926365012,27.651853937706314,-40.84868050436666,8.914628926365012,27.651853937706314,-40.84868050436666,50.1269421971344,1.0,0,0,0,0,0,0,0,0,0,0,software_compass,good,0,0,0,0
34700,347,0.0,0.0,1.0,0,0,0,-37.275196288636415,2.1712105552367538,-35.596655864634755,0.0,0.0,1.0,0,0,0,-37.275196288636415,2.1712105552367538,-35.596655864634755,-37.275196288636415,2.1712105552367538,-35.596655864634755,51.58755976373356,1.0,0,0,0,0,0,0,0,0,0,0,software_compass,good,0,0,0,0
34800,348,0.0,0.0,1.0,0,0,0,27.202640967388504,-12.634520337161899,-43.795717174875,0.0,0.0,1.0,0,0,0,27.202640967388504,-12.634520337161899,-43.795717174875,27.202640967388504,-12.634520337161899,-43.795717174875,53.0818200762977,1.0,0,0,0,0,0,0,0,0,0,0,software_compass,good,0,0,0,0
34900,349,0.0,0.0,1.0,0,0,0,-21.556657528291808,34.06808936317975,-37.799148099708056,0.0,0.0,1.0,0,0,0,-21.556657528291808,34.06808936317975,-37.799148099708056,-21.556657528291808,34.06808936317975,-37.799148099708056,55.26391040917503,1.0,0,0,0,0,0,0,0,0,0,0,software_compass,good,0,0,0,0
35000,350,0.0,0.0,1.0,0,0,0,-13.552707375019054,-19.68739198829966,-39.33402619470799,0.0,0.0,1.0,0,0,0,-13.552707375019054,-19.68739198829966,-39.33402619470799,-13.552707375019054,-19.68739198829966,-39.33402619470799,46.026458664336054,1.0,0,0,0,0,0,0,0,0,0,0,software_compass,good,0,0,0,0
35100,351,0.0,0.0,1.0,0,0,0,22.78326271178144,12.97744363496016,-43.813104616398824,0.0,0.0,1.0,0,0,0,22.78326271178144,12.97744363496016,-43.813104616398824,22.78326271178144,12.97744363496016,-43.813104616398824,51.05956559960265,1.0,0,0,0,0,0,0,0,0,0,0,software_compass,good,0,0,0,0
35200,352,0.0,0.0,1.0,0,0,0,-38.08732867205753,18.029522263591236,-36.58605124078589,0.0,0.0,1.0,0,0,0,-38.08732867205753,18.029522263591236,-36.58605124078589,-38.08732867205753,18.029522263591236,-36.58605124078589,55.80544260034211,1.0,0,0,0,0,0,0,0,0,0,0,software_compass,good,0,0,0,0
35300,353,0.0,0.0,1.0,0,0,0,15.290265696339802,-21.455722683353788,-43.57682232835189,0.0,0.0,1.0,0,0,0,15.290265696339802,-21.455722683353788,-43.57682232835189,15.290265696339802,-21.455722683353788,-43.57682232835189,50.922290847588506,1.0,0,0,0,0,0,0,0,0,0,0,software_compass,good,0,0,0,0
35400,354,0.0,0.0,1.0,0,0,0,-2.8334542478260385,31.256103170289382,-41.2856246981665,0.0,0.0,1.0,0,0,0,-2.8334542478260385,31.256103170289382,-41.2856246981665,-2.8334542478260385,31.256103170289382,-41.2856246981665,51.86015093580188,1.0,0,0,0,0,0,0,0,0,0,0,software_compass,good,0,0,0,0
35500,355,0.0,0.0,1.0,0,0,0,-28.628794370848965,-7.0167755534704845,-38.600523242055026,0.0,0.0,1.0,0,0,0,-28.628794370848965,-7.0167755534704845,-38.600523242055026,-28.628794370848965,-7.0167755534704845,-38.600523242055026,48.56792563880575,1.0,0,0,0,0,0,0,0,0,0,0,software_compass,good,0,0,0,0
35600,356,0.0,0.0,1.0,0,0,0,26.925092548781926,-2.8422840098115056,-45.596521420807356,0.0,0.0,1.0,0,0,0,26.925092548781926,-2.8422840098115056,-45.596521420807356,26.925092548781926,-2.8422840098115056,-45.596521420807356,53.02906705601227,1.0,0,0,0,0,0,0,0,0,0,0,software_compass,good,0,0,0,0
35700,357,0.0,0.0,1.0,0,0,0,-28.78913941164602,28.560948306095156,-38.84191266152204,0.0,0.0,1.0,0,0,0,-28.78913941164602,28.560948306095156,-38.84191266152204,-28.78913941164602,28.560948306095156,-38.84191266152204,56.153686392007565,1.0,0,0,0,0,0,0,0,0,0,0,software_compass,good,0,0,0,0
35800,358,0.0,0.0,1.0,0,0,0,-1.7897719715346572,-21.384873454693764,-42.673786011808254,0.0,0.0,1.0,0,0,0,-1.7897719715346572,-21.384873454693764,-42.673786011808254,-1.7897719715346572,-21.384873454693764,-42.673786011808254,47.76576293711803,1.0,0,0,0,0,0,0,0,0,0,0,software_compass,good,0,0,0,0
35900,359,0.0,0.0,1.0,0,0,0,13.475985305270076,20.72541564436839,-44.52339322632557,0.0,0.0,1.0,0,0,0,13.475985305270076,20.72541564436839,-44.52339322632557,13.475985305270076,20.72541564436839,-44.52339322632557,50.92619736408461,1.0,0,0,0,0,0,0,0,0,0,0,software_compass,good,0,0,0,0
36000,360,0.0,0.0,1.0,0,0,0,-35.10728276625699,8.1553179078979,-38.90203549830905,0.0,0.0,1.0,0,0,0,-35.10728276625699,8.1553179078979,-38.90203549830905,-35.10728276625699,8.1553179078979,-38.90203549830905,53.032055205512286,1.0,0,0,0,0,0,0,0,0,0,0,software_compass,good,0,0,0,0
36100,361,0.0,0.0,1.0,0,0,0,20.91851570927309,-14.718085460493079,-46.117074134391174,0.0,0.0,1.0,0,0,0,20.91851570927309,-14.718085460493079,-46.117074134391174,20.91851570927309,-14.718085460493079,-46.117074134391174,52.735100889430505,1.0,0,0,0,0,0,0,0,0,0,0,software_compass,good,0,0,0,0
36200,362,0.0,0.0,1.0,0,0,0,-13.164429032103614,30.892812132756067,-41.91930346542421,0.0,0.0,1.0,0,0,0,-13.164429032103614,30.892812132756067,-41.91930346542421,-13.164429032103614,30.892812132756067,-41.91930346542421,53.71122821382303,1.0,0,0,0,0,0,0,0,0,0,0,software_compass,good,0,0,0,0
36300,363,0.0,0.0,1.0,0,0,0,-18.108831399109675,-13.25501312146697,-41.81558796527202,0.0,0.0,1.0,0,0,0,-18.108831399109675,-13.25501312146697,-41.81558796527202,-18.108831399109675,-13.25501312146697,-41.81558796527202,47.457017862198676,1.0,0,0,0,0,0,0,0,0,0,0,software_compass,good,0,0,0,0
36400,364,0.0,0.0,1.0,0,0,0,22.466680929177507,6.521671046957304,-46.88931240001796,0.0,0.0,1.0,0,0,0,22.466680929177507,6.521671046957304,-46.88931240001796,22.466680929177507,6.521671046957304,-46.88931240001796,52.401255352946144,1.0,0,0,0,0,0,0,0,0,0,0,software_compass,good,0,0,0,0
36500,365,0.0,0.0,1.0,0,0,0,-31.68995356984607,20.758910209037584,-40.4273575879512,0.0,0.0,1.0,0,0,0,-31.68995356984607,20.758910209037584,-40.4273575879512,-31.68995356984607,20.758910209037584,-40.4273575879512,55.40358067733493,1.0,0,0,0,0,0,0,0,0,0,0,software_compass,good,0,0,0,0
36600,366,0.0,0.0,1.0,0,0,0,7.708101511568572,-19.25676705269334,-45.71410586557548,0.0,0.0,1.0,0,0,0,7.708101511568572,-19.25676705269334,-45.71410586557548,7.708101511568572,-19.25676705269334,-45.71410586557548,50.19977471387082,1.0,0,0,0,0,0,0,0,0,0,0,software_compass,good,0,0,0,0
36700,367,0.0,0.0,1.0,0,0,0,3.2220825032139864,25.083254607943303,-45.13831035672776,0.0,0.0,1.0,0,0,0,3.2220825032139864,25.083254607943303,-45.13831035672776,3.2220825032139864,25.083254607943303,-45.13831035672776,51.739912439476576,1.0,0,0,0,0,0,0,0,0,0,0,software_compass,good,0,0,0,0
36800,368,0.0,0.0,1.0,0,0,0,-28.472211524238602,-0.4942373586887623,-41.65706505817525,0.0,0.0,1.0,0,0,0,-28.472211524238602,-0.4942373586887623,-41.65706505817525,-28.472211524238602,-0.4942373586887623,-41.65706505817525,50.46010472550324,1.0,0,0,0,0,0,0,0,0,0,0,software_compass,good,0,0,0,0
36900,369,0.0,0.0,1.0,0,0,0,22.0656984572444,-6.4263551235578475,-48.10082163483386,0.0,0.0,1.0,0,0,0,22.0656984572444,-6.4263551235578475,-48.10082163483386,22.0656984572444,-6.4263551235578475,-48.10082163483386,53.309306228145736,1.0,0,0,0,0,0,0,0,0,0,0,software_compass,good,0,0,0,0
37000,370,0.0,0.0,1.0,0,0,0,-20.480237951233896,27.00461080235815,-42.942230941771776,0.0,0.0,1.0,0,0,0,-20.480237951233896,27.00461080235815,-42.942230941771776,-20.480237951233896,27.00461080235815,-42.942230941771776,54.705798133127175,1.0,0,0,0,0,0,0,0,0,0,0,software_compass,good,0,0,0,0
37100,371,0.0,0.0,1.0,0,0,0,-7.606683581729941,-15.80533036287866,-45.006469145834195,0.0,0.0,1.0,0,0,0,-7.606683581729941,-15.80533036287866,-45.006469145834195,-7.606683581729941,-15.80533036287866,-45.006469145834195,48.3037510755347,1.0,0,0,0,0,0,0,0,0,0,0,software_compass,good,0,0,0,0
37200,372,0.0,0.0,1.0,0,0,0,15.032149505031484,13.915968968714779,-47.8304122465628,0.0,0.0,1.0,0,0,0,15.032149505031484,13.915968968714779,-47.8304122465628,15.032149505031484,13.915968968714779,-47.8304122465628,52.03237498669454,1.0,0,0,0,0,0,0,0,0,0,0,software_compass,good,0,0,0,0
37300,373,0.0,0.0,1.0,0,0,0,-30.148079688061944,12.210485190313118,-42.55979988154893,0.0,0.0,1.0,0,0,0,-30.148079688061944,12.210485190313118,-42.55979988154893,-30.148079688061944,12.210485190313118,-42.55979988154893,53.56621345043984,1.0,0,0,0,0,0,0,0,0,0,0,software_compass,good,0,0,0,0
37400,374,0.0,0.0,1.0,0,0,0,13.563890736688204,-14.05405520908906,-48.29130465685286,0.0,0.0,1.0,0,0,0,13.563890736688204,-14.05405520908906,-48.29130465685286,13.563890736688204,-14.05405520908906,-48.29130465685286,52.09170476379054,1.0,0,0,0,0,0,0,0,0,0,0,software_compass,good,0,0,0,0
37500,375,0.0,0.0,1.0,0,0,0,-6.043062121349925,25.608295058459213,-45.896847640447646,0.0,0.0,1.0,0,0,0,-6.043062121349925,25.608295058459213,-45.896847640447646,-6.043062121349925,25.608295058459213,-45.896847640447646,52.903912888689675,1.0,0,0,0,0,0,0,0,0,0,0,software_compass,good,0,0,0,0
37600,376,0.0,0.0,1.0,0,0,0,-19.672224048665804,-6.504128715021725,-44.66072285530731,0.0,0.0,1.0,0,0,0,-19.672224048665804,-6.504128715021725,-44.66072285530731,-19.672224048665804,-6.504128715021725,-44.66072285530731,49.23291841157747,1.0,0,0,0,0,0,0,0,0,0,0,software_compass,good,0,0,0,0
37700,377,0.0,0.0,1.0,0,0,0,18.995647296795067,1.761592092898666,-49.57017779231086,0.0,0.0,1.0,0,0,0,18.995647296795067,1.761592092898666,-49.57017779231086,18.995647296795067,1.761592092898666,-49.57017779231086,53.11440811387537,1.0,0,0,0,0,0,0,0,0,0,0,software_compass,good,0,0,0,0
37800,378,0.0,0.0,1.0,0,0,0,-23.668653627423122,20.628616215658983,-44.48404380557064,0.0,0.0,1.0,0,0,0,-23.668653627423122,20.628616215658983,-44.48404380557064,-23.668653627423122,20.628616215658983,-44.48404380557064,54.447912033463744,1.0,0,0,0,0,0,0,0,0,0,0,software_compass,good,0,0,0,0
37900,379,0.0,0.0,1.0,0,0,0,0.9563969893544471,-14.534575789985908,-47.93774794271273,0.0,0.0,1.0,0,0,0,0.9563969893544471,-14.534575789985908,-47.93774794271273,0.9563969893544471,-14.534575789985908,-47.93774794271273,50.10185891177242,1.0,0,0,0,0,0,0,0,0,0,0,software_compass,good,0,0,0,0
38000,380,0.0,0.0,1.0,0,0,0,6.354033686362879,18.09279135710961,-48.638845487800175,0.0,0.0,1.0,0,0,0,6.354033686362879,18.09279135710961,-48.638845487800175,6.354033686362879,18.09279135710961,-48.638845487800175,52.28250313025797,1.0,0,0,0,0,0,0,0,0,0,0,software_compass,good,0,0,0,0
38100,381,0.0,0.0,1.0,0,0,0,-24.793905746134143,4.637202005005878,-45.15198289771446,0.0,0.0,1.0,0,0,0,-24.793905746134143,4.637202005005878,-45.15198289771446,-24.793905746134143,4.637202005005878,-45.15198289771446,51.71985077490957,1.0,0,0,0,0,0,0,0,0,0,0,software_compass,good,0,0,0,0
38200,382,0.0,0.0,1.0,0,0,0,14.956865123602007,-7.071374297200151,-50.312880205784296,0.0,0.0,1.0,0,0,0,14.956865123602007,-7.071374297200151,-50.312880205784296,14.956865123602007,-7.071374297200151,-50.312880205784296,52.96317648497233,1.0,0,0,0,0,0,0,0,0,0,0,software_compass,good,0,0,0,0
38300,383,0.0,0.0,1.0,0,0,0,-12.457566825321386,22.47617789052275,-47.02533084013491,0.0,0.0,1.0,0,0,0,-12.457566825321386,22.47617789052275,-47.02533084013491,-12.457566825321386,22.47617789052275,-47.02533084013491,53.58872348169823,1.0,0,0,0,0,0,0,0,0,0,0,software_compass,good,0,0,0,0
38400,384,0.0,0.0,1.0,0,0,0,-10.640684531192347,-8.816893503720896,-47.67059501534906,0.0,0.0,1.0,0,0,0,-10.640684531192347,-8.816893503720896,-47.67059501534906,-10.640684531192347,-8.816893503720896,-47.67059501534906,49.63312812493017,1.0,0,0,0,0,0,0,0,0,0,0,software_compass,good,0,0,0,0
38500,385,0.0,0.0,1.0,0,0,0,12.682834500204109,8.094033177000092,-50.654599180795444,0.0,0.0,1.0,0,0,0,12.682834500204109,8.094033177000092,-50.654599180795444,12.682834500204109,8.094033177000092,-50.654599180795444,52.8418024124555,1.0,0,0,0,0,0,0,0,0,0,0,software_compass,good,0,0,0,0
38600,386,0.0,0.0,1.0,0,0,0,-22.200091104350363,13.286706327571316,-46.6003333084975,0.0,0.0,1.0,0,0,0,-22.200091104350363,13.286706327571316,-46.6003333084975,-22.200091104350363,13.286706327571316,-46.6003333084975,53.30076617216343,1.0,0,0,0,0,0,0,0,0,0,0,software_compass,good,0,0,0,0
38700,387,0.0,0.0,1.0,0,0,0,5.793954127953855,-9.90656869422535,-50.394029325996016,0.0,0.0,1.0,0,0,0,5.793954127953855,-9.90656869422535,-50.394029325996016,5.793954127953855,-9.90656869422535,-50.394029325996016,51.684312895109535,1.0,0,0,0,0,0,0,0,0,0,0,software_compass,good,0,0,0,0
38800,388,0.0,0.0,1.0,0,0,0,-1.4606781145204266,18.174434066879357,-49.577156350507956,0.0,0.0,1.0,0,0,0,-1.4606781145204266,18.174434066879357,-49.577156350507956,-1.4606781145204266,18.174434066879357,-49.577156350507956,52.823650631211535,1.0,0,0,0,0,0,0,0,0,0,0,software_compass,good,0,0,0,0
38900,389,0.0,0.0,1.0,0,0,0,-16.906777513086787,-0.18007019131135316,-48.03704482943027,0.0,0.0,1.0,0,0,0,-16.906777513086787,-0.18007019131135316,-48.03704482943027,-16.906777513086787,-0.18007019131135316,-48.03704482943027,50.92572264676771,1.0,0,0,0,0,0,0,0,0,0,0,software_compass,good,0,0,0,0
39000,390,0.0,0.0,1.0,0,0,0,11.595387963426283,-0.035787419565409984,-51.753524075664075,0.0,0.0,1.0,0,0,0,11.595387963426283,-0.035787419565409984,-51.753524075664075,11.595387963426283,-0.035787419565409984,-51.753524075664075,53.03660582099981,1.0,0,0,0,0,0,0,0,0,0,0,software_compass,good,0,0,0,0
39100,391,0.0,0.0,1.0,0,0,0,-14.254631913231126,16.38232189273626,-48.73537243764485,0.0,0.0,1.0,0,0,0,-14.254631913231126,16.38232189273626,-48.73537243764485,-14.254631913231126,16.38232189273626,-48.73537243764485,53.35458301041145,1.0,0,0,0,0,0,0,0,0,0,0,software_compass,good,0,0,0,0
39200,392,0.0,0.0,1.0,0,0,0,-3.6792436819043415,-6.642859040995226,-50.40089039058083,0.0,0.0,1.0,0,0,0,-3.6792436819043415,-6.642859040995226,-50.40089039058083,-3.6792436819043415,-6.642859040995226,-50.40089039058083,50.969737712418215,1.0,0,0,0,0,0,0,0,0,0,0,software_compass,good,0,0,0,0
39300,393,0.0,0.0,1.0,0,0,0,4.641161223849,10.668937911073137,-51.55031466436441,0.0,0.0,1.0,0,0,0,4.641161223849,10.668937911073137,-51.55031466436441,4.641161223849,10.668937911073137,-51.55031466436441,52.84696354239359,1.0,0,0,0,0,0,0,0,0,0,0,software_compass,good,0,0,0,0
39400,394,0.0,0.0,1.0,0,0,0,-15.82038013264067,6.9238092377708345,-49.31053233874554,0.0,0.0,1.0,0,0,0,-15.82038013264067,6.9238092377708345,-49.31053233874554,-15.82038013264067,6.9238092377708345,-49.31053233874554,52.24703016854414,1.0,0,0,0,0,0,0,0,0,0,0,software_compass,good,0,0,0,0
39500,395,0.0,0.0,1.0,0,0,0,4.869058117191958,-2.683200264076545,-52.131109082049804,0.0,0.0,1.0,0,0,0,4.869058117191958,-2.683200264076545,-52.131109082049804,4.869058117191958,-2.683200264076545,-52.131109082049804,52.426709077819375,1.0,0,0,0,0,0,0,0,0,0,0,software_compass,good,0,0,0,0
39600,396,0.0,0.0,1.0,0,0,0,-5.714834734393154,13.072079083930301,-50.981219864730384,0.0,0.0,1.0,0,0,0,-5.714834734393154,13.072079083930301,-50.981219864730384,-5.714834734393154,13.072079083930301,-50.981219864730384,52.939808901373404,1.0,0,0,0,0,0,0,0,0,0,0,software_compass,good,0,0,0,0
39700,397,0.0,0.0,1.0,0,0,0,-8.023235101996107,0.26886446618560367,-51.012362856986435,0.0,0.0,1.0,0,0,0,-8.023235101996107,0.26886446618560367,-51.012362856986435,-8.023235101996107,0.26886446618560367,-51.012362856986435,51.64015640812805,1.0,0,0,0,0,0,0,0,0,0,0,software_compass,good,0,0,0,0
39800,398,0.0,0.0,1.0,0,0,0,2.2519120521158946,4.7240364361550995,-52.47722410957002,0.0,0.0,1.0,0,0,0,2.2519120521158946,4.7240364361550995,-52.47722410957002,2.2519120521158946,4.7240364361550995,-52.47722410957002,52.73752628239803,1.0,0,0,0,0,0,0,0,0,0,0,software_compass,good,0,0,0,0
39900,399,0.0,0.0,1.0,0,0,0,-7.014308247834897,7.021506781055611,-51.568560218444105,0.0,0.0,1.0,0,0,0,-7.014308247834897,7.021506781055611,-51.568560218444105,-7.014308247834897,7.021506781055611,-51.568560218444105,52.514935786644074,1.0,0,0,0,0,0,0,0,0,0,0,software_compass,good,0,0,0,0
